,Component 5,Component 6,Component 7,Component 9,Base Action,Action
0,0.05302476834709198,0.025070790360749943,-0.06540671850356324,-0.023077324599569033,4,Idle 1
1,-0.005678587132717996,-0.02933286623398917,-0.0672354097848689,-0.0035157022769403746,0,Idle 1
2,0.03391720533720359,0.023669403653222124,0.0011049531352727482,-0.017424714876474026,4,Idle 1
3,-0.001496872446214641,0.0043538170280680065,-0.009834863593382051,-0.00042306608012350396,4,Idle 1
4,0.04308976735874026,-0.003988529680287129,-0.041005884511285194,-0.008156058537703504,4,Idle 1
5,-0.006970389020918137,-0.044487992313681717,-0.03508878685079705,-0.011822245537996514,0,Idle 1
6,0.05383034689135515,0.028169572811176078,0.013352507510368167,-0.02591513689094354,4,Idle 1
7,0.062437015355361364,-0.07638141943541614,0.022268700544946507,-0.007428677518158326,3,Idle 1
8,0.04428807756227989,-0.006760789575895893,-0.03265738286544712,-0.009343329969428679,4,Idle 1
9,0.04655221370674017,-0.00845394693282279,-0.03598372183825817,-0.01749089093169032,4,Idle 1
10,0.0016682987475532996,-0.033429823530000596,-0.027667657135416183,-0.006504520376918645,0,Idle 1
11,0.047328810623683576,-0.010759418819747934,-0.02898443208212096,-0.01697740444849406,4,Idle 1
12,0.012522139599033217,-0.10322824176391199,0.019651374203239737,-0.010164811791716825,0,Idle 1
13,0.047643611710874154,0.010467780358234221,-0.022274898367611776,-0.0022304546178215047,4,Idle 1
14,0.03530819284780724,-0.023664811029716504,-0.04465766838825112,-0.013866268427319075,4,Idle 1
15,0.1016981279012346,-0.1415735108364176,0.004103737697167776,-0.011329932014815426,3,Idle 1
16,0.03541043348992421,-0.06232179652172372,-0.0459513670333521,-0.0007793658174917867,0,Idle 1
17,0.02141212707301193,-0.0931483681769223,0.006770250756073086,-0.00900045669958053,0,Idle 1
18,0.021721971133065083,-0.006401001090230325,-0.02798844376034505,-0.010712715345337015,4,Idle 1
19,0.04841272600644116,-0.09007624517807974,-0.005588225690503437,-0.009194316861811897,3,Idle 1
20,0.05602264508703085,0.04875837912149659,-0.017850758674651038,-0.026150415387761982,4,Idle 1
21,0.0815514946774711,-0.1396583892497257,0.025342639762609975,-0.012485692375817039,3,Idle 1
22,0.01204417957849487,-0.0016608221833242552,0.0013850770352655424,-0.015801239351831458,4,Idle 1
23,-0.036058306326669266,0.007732069596202397,-0.023707773642807732,0.0005101177269105835,4,Idle 1
24,0.030531395322970292,0.016875054828189764,-0.044247951004830886,-0.010454749173342359,4,Idle 1
25,0.048123147176142245,0.026617979402617335,-0.047565583042006435,-0.01566836726360774,4,Idle 1
26,-0.021959536261103123,-0.0709752112566124,-0.007949821355308967,-0.00999968286977021,0,Idle 1
27,0.014927057018074261,0.013344521985662825,-0.004400649932957342,-0.009652125477518307,4,Idle 1
28,-0.028015348595035586,0.00041724703696674145,-0.007022438068695047,-0.0016668845394420145,4,Idle 1
29,0.04800231768115286,0.020209110461656563,-0.04272424527112109,-0.0051218375817058135,4,Idle 1
30,0.03395148322910725,-0.042932815595177296,-0.011678262254809868,-0.004097178404928606,0,Idle 1
31,-0.05105999580502947,-0.06880354779356966,0.03525267583724951,-0.011626865070622276,0,Idle 1
32,-0.010980886467392634,0.0066801205852491065,-0.004114798649092838,-0.001213192434536968,4,Idle 1
33,0.00948889835995905,0.015510487304763391,-0.00708748484164403,-0.0029836213756845643,4,Idle 1
34,0.039989511755438356,0.02128909410724416,-0.010581359776421889,-0.019092571444497376,4,Idle 1
35,-0.037173666660926995,-0.08015344302622787,0.004590099417367512,-0.014414107391379704,0,Idle 1
36,-0.0006114070623378192,0.043330607667744506,0.008902770425604823,-0.005301922693509704,4,Idle 1
37,-0.058246297484662084,-0.0019421068897311226,0.014551200306642451,-0.004823981163006404,2,Idle 1
38,0.03468923045144239,-0.014558716499487367,0.002247485859004224,-0.00374592598399159,4,Idle 1
39,0.04310929367868179,-0.02367951106765366,-0.030553379764937678,0.0008044020746547355,4,Idle 1
40,-0.042669687740240526,-0.06858584517057893,-0.03198288713578172,-0.012528373756787973,0,Idle 1
41,0.016801887408256697,0.028675499891675817,0.008080405317263952,-0.010214587962725584,4,Idle 1
42,-0.032468009394982185,0.013384999737149534,-0.0033697574830360813,-0.003946477919442458,4,Idle 1
43,0.026308736301304307,0.031236698613776828,-0.049591853721349305,-0.015377652469301555,4,Idle 1
44,0.020590271512677682,-0.06324522974043853,-0.05854054091571981,-0.006955359745770728,0,Idle 1
45,0.03098537576796172,0.018893176956217016,0.02299650185846934,-0.014075998394217604,4,Idle 1
46,-0.010759017952664686,-0.008257818637519645,-0.001990646137230372,0.0052926781334370334,4,Idle 1
47,-0.015094727012510158,-0.01484335136573338,0.005263778343302711,-0.005174100324967078,0,Idle 1
48,0.036582241689222715,0.012775584324963268,-0.046893742698658876,-0.01770880858820255,4,Idle 1
49,0.036974173009848274,-0.0826619326513808,-0.020341990189622614,-0.015086999607277178,0,Idle 1
50,-0.009477989852676722,-0.04199155471934184,0.04563550561284557,-0.008259242912709864,0,Idle 1
51,-0.004988110968823506,-0.002421318397501803,-0.01755979409804295,0.0005528099881521867,4,Idle 1
52,0.025834261845226157,-0.02777932366059457,-0.014729602334955,-0.004447776272012888,4,Idle 1
53,0.06868315291401511,0.04954313242820474,-0.04836603018839927,-0.028517498736467316,4,Idle 1
54,-0.015177472606275682,-0.05553889715292692,-0.0013603350233106512,-0.012577915970772563,0,Idle 1
55,0.029506952464712438,-0.017236899344538488,-0.03654421281637443,-0.007099735322740368,4,Idle 1
56,0.13484337982367128,-0.16100602581340714,0.029497998751060604,-0.010230915583678201,3,Idle 1
57,0.019101800334877687,0.016809946875535012,-0.02151212519688049,-0.013787464451483154,4,Idle 1
58,-0.12551410433429372,0.033701417840042616,-0.05074581369145206,0.0035474177971595313,2,Go straight 1
59,-0.04454502632585782,-0.0416639425277777,-0.006891312126639565,-0.014362928013081063,0,Go straight 1
60,-0.06772299422181918,-0.10385271688168907,0.10289939011177983,-0.04905591302584471,0,Go straight 1
61,0.11146033024050325,-0.1561262608765658,0.1369425423951342,0.0004263533645499425,3,Go straight 1
62,0.012702208343681437,0.1353465952803045,0.0020603846597718038,-0.02440178558606486,4,Go straight 1
63,0.05597992144598486,0.10716935792450873,-0.07501029294761986,0.009119941236978886,4,Go straight 1
64,0.057553333431301285,-0.04207143185925286,0.03744564278910733,0.010911755726487674,3,Go straight 1
65,0.09172902078722774,0.05650891343246185,0.00861550789971551,-0.03611808403810769,4,Go straight 1
66,0.25262382759018137,-0.12033494701645661,0.0070703197695292834,0.012615962504746727,3,Go straight 1
67,-0.10228923238824858,-0.013068845643820031,0.10632341343772857,-0.018572686673126344,2,Go straight 1
68,0.04540418783986206,-0.026678988086682065,0.009547046874576774,-0.016737082534992575,4,Go straight 1
69,-0.09836523171867845,-0.023678845486917007,0.04500172269521589,-0.003219026529643022,2,Go straight 1
70,0.06664992625264539,0.18789683990321016,-0.1408065301050347,0.011332096499025534,4,Go straight 1
71,0.058047433252904485,0.03851217332489273,-0.09124804203976467,-0.027870285541572757,4,Go straight 1
72,0.22518933819878265,-0.008122753091455348,-0.013898060925136716,0.15939594997434672,3,Go straight 1
73,-0.11232057418952646,-0.11916835941798722,0.05787872139598809,-0.0023526659531614715,0,Go straight 1
74,0.25608344163222035,0.17334624401713633,0.05422414522387617,0.13729174150931778,1,Go straight 1
75,0.22881688537214534,0.04781661286971318,0.03076161909193486,0.1520549276800488,3,Go straight 1
76,-0.20722724242556204,-0.08577560491413595,-0.16832271471163412,-0.05214679901379458,0,Go straight 1
77,0.05589259538130612,-0.22072000050220583,-0.1064006348633669,-0.00940477024403901,0,Go straight 1
78,0.1292208364339981,0.06911832827169512,-0.00950664140343406,-0.170692165373616,4,Go straight 1
79,0.03254573149459529,0.0482712623322487,-0.0815077250351114,0.04140804468505969,4,Go straight 1
80,0.17660027504350864,-0.151272593482007,0.05968483087991602,0.09356867737695138,3,Go straight 1
81,-0.22697705958113204,-0.017455633205415454,-0.07332046280355091,-0.027751262645434524,2,Go straight 1
82,0.04045001892921676,-0.027284197156411706,-0.06391113076974493,0.07008318889729352,4,Go straight 1
83,-0.1825039210172726,-0.021397746455404106,9.00655170997524e-05,-0.030018329038597934,2,Go straight 1
84,0.05310817734702424,-0.11719222734778158,-0.07823180086415864,0.004842834008749908,0,Go straight 1
85,0.0833097812065466,-0.17516241813740346,0.009998301216983349,0.00589336044699133,3,Go straight 1
86,-0.10326471225168633,-0.09302004360940083,0.018371396410336353,-0.03623697477390827,0,Go straight 1
87,-0.1672113021501445,0.09074941346050779,-0.14164689086168344,0.0007448445598097958,2,Go straight 1
88,0.14490958429886136,0.013434786568599677,-0.05962856393959162,0.11951429229714643,4,Go straight 1
89,-0.05797235825180244,0.048620975380004594,0.019674255487194786,0.0010009978214213621,2,Go straight 1
90,-0.001385654754366326,0.09464507908954867,0.049434140790872785,-0.051736177225306046,4,Go straight 1
91,-0.030009594610294597,-0.07906451554341427,0.16830320785347405,0.02524714872014266,3,Go straight 1
92,0.12131786022617624,-0.14213785844448915,-0.05651759615450278,0.04156498125117244,3,Go straight 1
93,0.05467365530551158,-0.2108689867892341,-0.15836356980734273,0.052868933718727966,0,Go straight 1
94,0.07340720061007339,0.11901046178613195,-0.1314010624548398,0.052386312518635854,4,Go straight 1
95,0.048050856362947855,0.07545562260274388,-0.022352588097424856,0.012436828318231301,4,Go straight 1
96,-0.019051363009480116,-0.039064389276747526,0.03551941589653938,0.0009660840447726969,0,Go straight 1
97,-0.16091313450205647,-0.04274948216809089,0.16279311810616814,0.016006044578809154,2,Go straight 1
98,-0.2422834117881561,-0.04872268551849284,0.26721831827084314,0.06304094401336355,2,Go straight 1
99,0.07423544211722247,-0.004238660272350867,-0.0862419264997225,0.06947079564131108,4,Go straight 1
100,0.047859921038096845,-0.14356954917893822,0.04672508691492515,0.007544752865158754,3,Go straight 1
101,-0.17625757517440113,0.025156389072159772,0.11849317055081623,0.00242466595200341,2,Go straight 1
102,-0.017700658722466848,-0.08339536283363619,0.05557453153437331,-0.018997698598167707,0,Go straight 1
103,0.48138697344763176,0.353769631168887,0.17950754514640144,-0.0037474611927248275,1,Go straight 1
104,0.11995411544632521,-0.17223668714229026,0.07714301292469414,0.023903366302987956,3,Go straight 1
105,0.11129470573864324,0.014558415768675257,0.030388694363626834,-0.013552427290757178,3,Go straight 1
106,0.00569793123657571,-0.006904416027839685,-0.013935675834249733,-0.005709054284379584,4,Go straight 1
107,0.10805737245075918,0.11019779381760213,0.05427628943358371,-0.0011914974052002773,4,Go straight 1
108,-0.12543231664544244,0.15494579486186752,0.03507678676281819,-0.015193916682201422,2,Go straight 1
109,-0.02863235775904211,0.02348579205776471,-0.03902586907329737,0.07190262707170893,4,Go straight 1
110,0.13099831656098515,-0.15892200536338316,0.18457786278684676,-0.019299013708143572,3,Turn right 1
111,0.09866739342367965,0.023826295381193196,0.08194613211573727,0.03610208874827398,3,Turn right 1
112,-0.10547443737918745,0.17130579243285096,0.2272846932139011,7.48664970461454e-05,2,Turn right 1
113,0.18046451482604992,-0.11100340950132358,0.09559377916367438,0.03609824393200606,3,Turn right 1
114,0.1181345630466677,0.0812332852465084,0.03335342537804791,0.04942733589435826,4,Turn right 1
115,0.08892672350120433,0.13054917438476682,0.14726618728277163,0.005762376231238037,4,Turn right 1
116,0.16043615853071738,-0.00934345522664606,0.005830616833861173,-0.02669112920704484,3,Turn right 1
117,0.13561482106760595,-0.012790497464129922,0.2656058615401348,0.057418972380197525,3,Turn right 1
118,-0.18499358231356583,0.17459632692493435,-0.11214040606946196,-0.029526563586189155,2,Turn right 1
119,0.07918514677906395,-0.05677467373519636,0.1319871582038823,-0.011532612626392953,3,Turn right 1
120,-0.0850811279340274,0.08268812232525977,0.07607853275311693,0.08605798143502959,2,Turn right 1
121,0.20187113412157498,0.3290602427667738,0.07972985179605481,0.035246522448524845,1,Turn right 1
122,-0.04131053710355335,0.04644520025721033,0.15728463577798707,-0.02444454730015812,2,Turn right 1
123,0.15761830336615937,-0.0997314429739459,0.09367431618545205,-0.0070953576993314435,3,Turn right 1
124,0.07914899095850801,-0.01686784262408293,0.12384155973420959,0.019322757907206656,3,Turn right 1
125,-0.070740171841229,-0.057234670844813866,-0.028263085955443894,-0.015398331052719252,0,Turn right 1
126,-0.012601796940043446,-0.06501905000395349,0.11693983894846616,-0.012123371333901473,3,Turn right 1
127,-0.15196275758235273,-0.11339377138747643,-0.05660057641881571,0.02355655773759169,0,Turn right 1
128,-0.1125466013202629,-0.14615703851713932,0.08159943608479031,-0.007493745511078619,0,Turn right 1
129,-0.04804417389157341,-0.13031150532757585,-0.17916604417016951,0.08255341080465253,0,Turn right 1
130,-0.21820003469717705,0.021694979709050606,0.13962288869300213,0.03589324564613838,2,Turn right 1
131,-0.16690914129818185,-0.1153410018572151,0.019994626154848847,-0.00972161465849029,0,Turn right 1
132,-0.15049949851201389,0.0814296826742812,0.1220119640247848,0.06083325283314817,2,Turn right 1
133,-0.18019639510518243,0.015523521467459,0.05794449920419164,0.041797748679064176,2,Turn right 1
134,-0.03162831555559078,-0.2616880254389227,0.013515669587180604,-0.013008915883869474,0,Turn right 1
135,-0.06109706903611382,-0.08063405077137688,-0.05970138234788641,0.006978228918024696,0,Turn right 1
136,-0.1909674712019345,-0.08025820723342499,0.17654757730582113,-0.0006515246190415081,2,Turn right 1
137,0.022813034727216557,-0.1530502230422066,0.04675813016186685,-0.015122132969039113,3,Turn right 1
138,-0.12301613112086636,0.0917644525397749,0.19252957625018519,-0.0017127764074717309,2,Turn right 1
139,-0.17939309808175075,0.10117818525764866,0.04581395771024974,0.010903842762643508,2,Turn right 1
140,0.058783997752511245,0.09198804447378425,0.0643490632902884,-0.0032522994612304646,4,Turn right 1
141,-0.014611681502271075,0.07680710900160305,0.012265256094047928,0.009375684483289636,4,Turn right 1
142,-0.022606809023551264,-0.13411758078845298,0.217476277302568,-0.02705344319278722,3,Turn right 1
143,0.12347931549161839,-0.15057488523817236,-0.04916442894462802,-0.002428254053635093,3,Turn right 1
144,-0.13065383567292393,0.045603167294165005,0.13424864584238194,0.0012415473679003378,2,Turn right 1
145,-0.12048684132416931,0.021564265488530868,-0.12487463313616601,0.05404065889791551,0,Turn right 1
146,0.002106918037611301,-0.09173036205117571,0.12071943609837703,-0.013341119255739161,3,Turn right 1
147,-0.06316012861834622,0.10104324014144252,-0.08277553730674794,0.0373266480455025,4,Turn right 1
148,-0.16574297891196335,0.08952419431291414,0.15819241565692282,-0.001485708595844106,2,Turn right 1
149,-0.23912738677381665,0.09239612264258192,0.10861326302396336,0.0706275856490017,2,Turn right 1
150,-0.03661472819490363,-0.10800897474933835,0.06496465703138918,-0.04435981833449668,0,Turn right 1
151,-0.12914584916451394,0.17736507700555615,0.08343145286987422,0.05475056632731133,2,Turn right 1
152,-0.22020201988011281,0.12485881833424235,0.03839454889127589,0.015480647224833242,2,Turn right 1
153,0.15887625437442954,-0.12482203492133974,0.117375973565178,0.03747814026094251,3,Turn right 1
154,0.07370015799730469,-0.1309150886002454,-0.015219136190741918,-0.00121407403931698,3,Turn right 1
155,-0.012531824134422614,-0.027686144418469946,0.20285001381075307,-0.0005944712522429759,3,Turn right 1
156,-0.1474447510962564,0.026192693515469077,0.12605593593286538,0.019092606623995517,2,Turn right 1
157,-0.08631462057515912,-0.08266268282535916,0.18592589217791886,0.02627679413324368,2,Turn right 1
158,-0.0753313330320312,0.11265935059323863,0.05860239318390318,-0.0003913561305058681,2,Turn right 1
159,0.16508200314346488,-0.13188108632076895,0.06695133325566736,0.052960106766870865,3,Turn right 1
160,0.11386758908028936,-0.02745410884051899,0.026465218189860005,-0.00522476710715607,3,Turn right 1
161,0.08207212406869913,-0.03291159091393596,0.05536986540764815,0.018242052687867622,3,Turn right 1
162,0.06440903518499799,-0.02503690950706914,0.15317654312641624,-0.021266679156631822,3,Turn right 1
163,0.0707692152845026,0.08857579365884302,0.2904393469957613,0.020531535472589676,3,Turn right 1
164,-0.018646410372706014,0.018975875140794435,0.05711305886038052,-0.025933351718061534,2,Turn right 1
165,0.002704506683737151,0.08084813246741966,0.0891948793870861,-0.005153691170796785,4,Turn right 1
166,-0.023956279951585273,0.10114159158423913,0.10371922085012505,-0.005762485617342611,2,Turn right 1
167,0.07464034502929866,0.007741959654501458,0.014873913196728141,-0.014351155556081433,4,Turn right 1
168,-0.11097067186900078,0.1852381737500606,0.12356820975623681,0.003642267455888432,2,Turn right 1
169,0.01404159582614146,0.06450349204678589,0.01763579309848211,0.007474421285442881,4,Turn right 1
170,-0.00760793409538342,0.06517500850761726,0.06796719421860561,0.01903220600177701,4,Turn right 1
171,0.03935670634664477,-0.057758482271395746,0.20151573197847034,-0.013076729302893693,3,Turn right 1
172,-0.07319660680900643,0.004717341379951857,0.0008856843016945142,-0.018397108999387558,2,Turn right 1
173,0.07069725777310573,0.00783768679083837,0.12720711450403713,0.01702523143293068,3,Turn right 1
174,0.030665144881019336,0.005939311633385538,0.059201388642986706,-0.012354062540157416,4,Turn right 1
175,-0.004938965038407166,0.054595007674716076,0.025616525454003357,-0.01448638753070397,4,Turn right 1
176,-0.06661360623013753,0.04269518596253688,0.024908949694720885,-0.0017007400717820483,2,Turn right 1
177,0.037929248784864054,0.05234185412982797,0.018350397916094854,-0.02697207839230176,4,Turn right 1
178,-0.07975687838334707,0.006895101887458584,0.05069337151405601,-0.0026109335003575602,2,Turn right 1
179,-0.030631162746442255,0.027102396956316787,0.0690499045335539,0.00564607451460483,2,Turn right 1
180,-0.01325155305997703,-0.024362631476066127,0.02166690668414513,0.0014746731401350983,0,Turn right 1
181,0.014287411615061378,-0.1421593203461357,0.05394238266463562,-0.0021967681537868058,3,Turn right 1
182,0.011836165221115445,-0.0944577434417211,0.05299205920268154,-0.011375702041827139,3,Turn right 1
183,-0.10475704829824528,0.08550020219972601,-0.13518377449459038,-0.013721851403130855,4,Trun left 1
184,-0.11938282649762992,0.088278078484053,0.00027181857618202956,0.03732336069587345,2,Trun left 1
185,0.4061596477598766,0.3957174958530433,0.012459746528413633,-0.10411322993077618,1,Trun left 1
186,0.11598542110741132,-0.24855948228503125,0.14283034057265018,-0.02524385310004145,3,Trun left 1
187,-0.13979099877067627,0.014993564574481973,0.014278078092671233,-0.0129146996588367,2,Trun left 1
188,0.056060808185387924,-0.2486183391324179,0.046750249444456805,0.05096624006565816,3,Trun left 1
189,0.13399299321235733,-0.16438550558869355,-0.11043680927392642,-0.038945321785424904,0,Trun left 1
190,-0.05845894667708986,0.08294384483446192,-0.04240595879945421,0.003676924614011279,4,Trun left 1
191,0.12951217894363504,0.11095596174509947,-0.042760150618084844,-0.0757625315997866,4,Trun left 1
192,-0.15750228569815106,0.10338315433667057,0.04132730491038146,0.00916853342100424,2,Trun left 1
193,-0.19628894599971314,0.10564331469512152,-0.013289448412694459,-0.025057905521580125,2,Trun left 1
194,-0.08948439335521725,0.17044927045018088,0.2895284205029948,-0.02391365947572921,2,Trun left 1
195,-0.06959790738659706,0.08518953914415431,0.020467979747160393,0.03735121847633173,2,Trun left 1
196,0.20534250550908106,-0.1483189092217527,0.013853121344410722,0.037153994302516084,3,Trun left 1
197,0.061304655989832375,0.11435577867995574,-0.041120562437187605,0.03917714607127462,4,Trun left 1
198,-0.1944727430304712,0.2282949859072411,0.0075166283252334955,0.02212150398043684,2,Trun left 1
199,0.17583122460552914,0.5906424676904345,-0.1803580347305365,-0.01925502027287602,1,Trun left 1
200,0.20699671766143346,0.01985296214575945,-0.21204813268999598,-0.023128832882969283,4,Trun left 1
201,-0.0033027359316391836,-0.15882633245938396,0.10838876796857164,-0.024551631576365893,3,Trun left 1
202,0.2200468016991846,-0.08033170828500695,0.018340458113879698,0.001615054797091351,3,Trun left 1
203,-0.03370720091456414,0.16081343851014818,-0.01387830232871012,0.07414336445140574,4,Trun left 1
204,-0.18640697418648564,0.10184361867674252,-0.017333197489620512,0.012543490829452823,2,Trun left 1
205,0.006378012892701745,0.10787959794399328,0.0022982429838971203,0.0008391279338534566,4,Trun left 1
206,-0.0440254458865615,0.1759082081853839,0.046142242594293184,-0.003316325885186972,2,Trun left 1
207,-0.028254086544252908,-0.007114139319497001,-0.02243952706750435,-0.011926097306819228,0,Trun left 1
208,0.01647101013134044,0.011805859208585755,0.01118701686617539,-0.016250329285441106,4,Trun left 1
209,-0.011560409941749611,-0.1643365719294985,0.0016952909181013965,0.055796057348274114,0,Trun left 1
210,0.14205866500499512,0.17897133095528006,-0.0570702037023482,-0.10668469123950801,4,Trun left 1
211,-0.07848757491811983,-0.018103135001412387,0.0953776357014393,-0.10311475115325008,2,Trun left 1
212,-0.04383163654541987,-0.02591310831119402,-0.022807546381001246,-0.031087584464055382,0,Trun left 1
213,0.06785599523615234,0.05606505256284921,0.007574453260153642,0.08425554453039659,4,Trun left 1
214,-0.0067857069170384485,0.05129669099652213,-0.03666138809139694,-0.03384300855955604,4,Trun left 1
215,0.03929531253259104,-0.02341831840875266,-0.06901025307579747,0.04209761412208942,4,Trun left 1
216,-0.1926838864786208,0.07066100471651444,-0.05589540970185921,-0.012444694891337014,2,Trun left 1
217,-0.12779558976943978,0.06116742737424851,0.007469435816393372,-0.00013934266191503546,2,Trun left 1
218,0.1385980650936803,-0.07241173906102398,0.04885081972741112,0.041761506316589043,3,Trun left 1
219,0.028280502501164193,0.08056887085354872,-0.0756318392135351,0.00237004299160519,4,Trun left 1
220,0.14364730587524396,0.018914326895937555,-0.03018500406317598,-0.010749932799150418,4,Trun left 1
221,0.2679453172227856,0.1311526369933093,-0.10201425404691256,-0.0943028628714087,1,Trun left 1
222,0.006028279855809526,-0.006168056497564657,-0.011286555385809399,-0.03133955886655467,4,Trun left 1
223,0.12144419914799656,-0.06950747043068203,-0.037688921991590726,0.06425406265193341,3,Trun left 1
224,-0.10741768949751919,-0.025849300244579536,0.006844640601986442,-0.02695844181508375,2,Trun left 1
225,0.16785695543886955,-0.008845224522634386,-0.023841954786219838,0.013513880366724348,3,Trun left 1
226,0.07436197284657109,0.027495248640340888,0.04468343051684631,0.031001234260305627,4,Trun left 1
227,-0.20737718865130683,0.13144049230073238,-0.05643240659250998,0.09527473592236775,2,Trun left 1
228,-0.09740777604248696,0.08674925210111994,0.0005808313952571812,-0.00790240574199926,2,Trun left 1
229,-0.030525008476609574,0.14719474887214634,0.008755528260653666,0.12010213614563482,4,Trun left 1
230,0.014620675016955752,-0.07162107050533682,0.007951893184074613,-0.010616149570099414,0,Trun left 1
231,-0.209220550520491,0.09983365828792722,-0.09622249035432917,0.01914730285434806,2,Trun left 1
232,0.02856913712774351,0.03045475694090704,0.007543215187094795,0.035697568532726445,4,Trun left 1
233,0.14062223016110367,-0.0014459291063110137,-0.03357644325506924,-0.010783022791764517,4,Trun left 1
234,-0.07979239049766249,-0.00814181874332318,-0.11728486127315425,-0.03146679718955493,0,Trun left 1
235,0.15114380765655466,-0.16144193426995365,-0.011748064347434823,0.006953623466434132,3,Trun left 1
236,0.03693664702436938,-0.00012102315607426733,-0.013345300056024186,-0.017979567295048016,4,Trun left 1
237,0.027917189145224775,-0.03378754298898469,0.1427477971906149,0.014213002367678595,3,Trun left 1
238,-0.09538182909232247,-0.0676134245597239,0.0535925974904927,-0.01627315498980536,2,Trun left 1
239,-0.12061105234814525,-0.0019332599824444417,0.04007704012720669,-0.01863419177111853,2,Trun left 1
240,-0.18374243530003995,0.04409011949060427,-0.0027246131693237576,-0.03286972272066193,2,Trun left 1
241,0.059026305295374656,-0.01493155305616116,-0.016078381767705277,-0.017274773790867292,4,Trun left 1
242,0.12788039302040907,0.0972936930525467,-0.14772158063136914,-0.05282128707950008,4,Trun left 1
243,-0.06874878656010013,0.2803130790056745,-0.06239047987635402,0.01516868221883886,4,Trun left 1
244,-0.05374199644815252,0.10090344868507135,0.07202648624875517,-0.01033018513415705,2,Trun left 1
245,0.14454585785898816,-0.03209818469265995,-0.011865923146424614,0.0014419040929498318,3,Trun left 1
246,-0.1310480995575092,0.10339655100434388,-0.0009514352675257516,-0.0070769090908543685,2,Trun left 1
247,-0.07521154546654293,0.2706911006438432,0.055403499069215136,0.00033639186774626277,2,Trun left 1
248,0.10070220392575621,0.10184825336521384,-0.025540178307832964,0.049268102693091544,4,Trun left 1
249,-0.08294634673298099,0.050694085436127995,0.076867826678881,-0.016933959295574997,2,Trun left 1
250,0.014707451764591569,-0.021329105001300287,0.05657264680940514,-0.03775874933664571,3,Trun left 1
251,-0.1378528518432105,0.13642603902401765,0.001315409366264068,-0.009024849127800124,2,Trun left 1
252,-0.11344357499371947,-0.04749651681280392,0.004234692674727392,0.017237769692000283,2,Trun left 1
253,-0.05498380269919601,0.11311931235873887,0.01985146390999154,-0.0077254206442711575,2,Trun left 1
254,-0.37813027743935523,0.2571629082878264,-0.039234674493372056,0.2708052450201511,2,Trun left 1
255,-0.027687185426258327,0.10456541429168305,-0.0486729278811055,-0.01918560561406306,4,Trun left 1
256,-0.14721461413254452,0.08278718569969377,0.0002978582217253315,0.06469976722431979,2,Trun left 1
257,0.015083967414618014,-0.07963241004383209,-0.08117039460222655,-0.013981871319736125,0,Trun left 1
258,0.050251548139175393,0.027226382940918628,-0.0017763956954674489,0.008529921913691113,4,Two-stage left turn 1
259,0.07616210927330803,0.027022962513539826,-0.03889304285838058,-0.011132591049312602,4,Two-stage left turn 1
260,-0.09010574456892011,0.058961861633073154,-0.0427260857957809,-0.014914295835225543,2,Two-stage left turn 1
261,-0.002626295480047369,-0.0979223651983071,-0.0992686000918624,-0.009296844817780717,0,Two-stage left turn 1
262,0.001043456930959387,0.04603345752183727,-0.04635446483646639,-0.004666426263347769,4,Two-stage left turn 1
263,0.028602789285232466,0.003369913635424778,-0.11655972259205959,-0.008875972762126724,4,Two-stage left turn 1
264,0.10966438478275128,-0.095852994182424,-0.046727701327195385,-0.00397547929376088,3,Two-stage left turn 1
265,0.05937607289403218,-0.10133471734972975,-0.20425697071684165,-0.0005748935586475524,0,Two-stage left turn 1
266,-0.1299753314165381,0.10011257231980097,0.15621035254101379,0.015957655438469817,2,Two-stage left turn 1
267,-0.19572222244513707,0.08615568685112533,-0.01616131893513564,-0.0005956701451003677,2,Two-stage left turn 1
268,-0.0010058291790238122,-0.10074967824618669,-0.03542805801740779,-0.01248811936040883,0,Two-stage left turn 1
269,-0.16131182371498462,-0.01928298527131361,0.029258414318677803,-0.010680980114304852,2,Two-stage left turn 1
270,0.05159805456201737,-0.07713447845565927,0.01751061786762454,-0.002353860189959016,3,Two-stage left turn 1
271,-0.01938508184743047,-0.16495066357738167,0.08640938788039323,-0.005010276691986654,3,Two-stage left turn 1
272,-0.026632921261340908,0.15903091026944352,-0.10329393243778388,-0.014104957709171091,4,Two-stage left turn 1
273,-0.13232753022607624,0.10065095784185417,-0.05222446876793848,-0.018120522326471572,2,Two-stage left turn 1
274,-0.1658981046432213,0.0911767703593304,-0.06526327900337578,0.01949148433236436,2,Two-stage left turn 1
275,0.0860772415738388,-0.01925889055346255,-0.05652964426442348,-0.006328731699203545,4,Two-stage left turn 1
276,0.09151947300872448,-0.050032419545245926,-0.053388836113204996,0.012043085123803251,3,Two-stage left turn 1
277,-0.053672642218831584,-0.01318973105851115,-0.061715852162377745,-0.006946086103930959,0,Two-stage left turn 1
278,-0.05999452178823864,0.04848127514745146,-0.009248338032083529,-0.0004058667134634088,2,Two-stage left turn 1
279,0.08273547461587799,-0.07051467676572323,-0.06908302134235032,-0.0045738547479528616,0,Two-stage left turn 1
280,-0.0168737106480275,-0.02348039412647372,-0.09115095059452923,0.011816623089218022,0,Two-stage left turn 1
281,-0.011045556544357732,-0.062209677935534925,-0.1390889576094926,-0.002325848258387541,0,Two-stage left turn 1
282,0.025914039597431035,-0.022422234723584025,0.018792793071912783,-0.008720761800783971,4,Two-stage left turn 1
283,-0.02188750972254948,-0.030250657914080076,-0.0647712545964269,-0.004141282943801634,0,Two-stage left turn 1
284,0.013569190334784664,-0.09683352346206127,-0.021555403606258218,-0.007037640470291739,0,Two-stage left turn 1
285,0.013499053318610869,0.08847009976889425,-0.05145517967711634,-0.030022341286346173,4,Two-stage left turn 1
286,-0.007073613960223939,0.004343671366756464,-0.025034883070026517,-0.009536826313087499,4,Two-stage left turn 1
287,0.009941739910191628,0.03882731747129999,-0.038596202400543504,-0.010635519627348947,4,Two-stage left turn 1
288,-0.031241544129653537,-0.12090522498963736,-0.006180193615459086,-0.008914856147077162,0,Two-stage left turn 1
289,0.010419474885007074,-0.11773175544065244,0.036663816063792314,-0.004562589371508242,3,Two-stage left turn 1
290,-0.03178232953215556,-0.0488592952296673,-0.029147144702817263,-0.0044000351369507425,0,Two-stage left turn 1
291,-0.005127299278220845,-0.018157821439237026,-0.036796273795369025,-0.00964438213688891,0,Two-stage left turn 1
292,-0.09261378512536611,0.02166168237905017,-0.03282783181856772,0.00017882448217195694,2,Two-stage left turn 1
293,-0.041450594846710334,0.02826961681745567,0.004924404321569533,-0.0015130045612274817,4,Two-stage left turn 1
294,0.04527192683430917,-0.17881865078216905,0.0420176959875536,-0.028522694485503895,3,Two-stage left turn 1
295,0.08498304510140262,-0.13651027043636485,-0.069665893735667,-0.010224090106933828,0,Two-stage left turn 1
296,-0.004393966401750457,0.06450602545252243,0.0015842256683932883,-0.0076040212069340045,4,Two-stage left turn 1
297,-0.013512995875558717,0.08647848905887205,-0.08308378091324005,-0.0021584067834467067,4,Two-stage left turn 1
298,0.015772107723268383,0.016193674455400996,-0.003347322801170423,-0.0053649593986544826,4,Two-stage left turn 1
299,0.019807262214035795,0.027401398025583973,0.079351559236638,-0.013009520474380082,4,Two-stage left turn 1
300,0.1504514488301355,-0.005717641388238337,-0.0366347862903583,-0.025371257372325488,4,Two-stage left turn 1
301,0.0996580103981404,0.009017314436747453,0.023073951768189785,-0.014246697010943481,4,Two-stage left turn 1
302,-0.014795759692469837,0.14110678494454063,-0.00613242813460356,-0.003616745061901206,4,Two-stage left turn 1
303,0.03829473980419485,0.20932448279424012,-0.01473418136629351,-0.004400853011109529,4,Two-stage left turn 1
304,0.10509034122453652,0.1636797907796458,-0.0487900123463264,-0.007244966895024973,4,Two-stage left turn 1
305,0.039015362289056284,0.19161407839823266,0.04375115270583406,-0.008041928415450914,4,Two-stage left turn 1
306,0.015532318605998607,0.22987957649381682,-0.005447421554287743,-0.003771636016557411,4,Two-stage left turn 1
307,0.04641356619577099,0.23872035920868684,0.025573872608461456,-0.006827429401833506,4,Two-stage left turn 1
308,0.03620155574508021,0.26867318191198214,0.016536011016631408,-0.007442027064150531,4,Two-stage left turn 1
309,-0.012253432579890856,0.2179794023083164,-0.016246269445090555,-0.003024392239277293,4,Two-stage left turn 1
310,0.05723376506603051,0.169756959595944,-0.12341610749199772,-0.006127648563806014,4,Two-stage left turn 1
311,-0.001441555775757201,0.14380832724482218,-0.020146558096192157,-0.003005734913949775,4,Two-stage left turn 1
312,0.034110053684080814,0.16932935504799465,-0.11090619950768657,0.00520813309635127,4,Two-stage left turn 1
313,-0.07138335893914023,0.10546234893146797,-0.02626414291361652,-0.0020341152928355097,2,Two-stage left turn 1
314,-0.01423483615516795,0.15883912783650478,-0.09683081542471939,0.004794815815097154,4,Two-stage left turn 1
315,0.01982295716235633,0.1334207618881584,-0.14051094556011873,-0.006340857064983007,4,Two-stage left turn 1
316,0.034259203714764236,0.022016255519799934,-0.06609990290214897,-0.010294507531233676,4,Two-stage left turn 1
317,-0.07053123862478514,0.07933210254106027,-0.07791684684784948,-0.006008445874552482,4,Two-stage left turn 1
318,-0.058945613583017246,0.0679929057301008,-0.14206449017921435,-0.013032900194339073,4,Two-stage left turn 1
319,0.05208850767929401,0.05045435561010116,-0.1613858292782098,0.004125455727755676,4,Two-stage left turn 1
320,0.012095779701211779,0.04452257567525723,-0.10594771337502312,-0.012804855250824988,4,Two-stage left turn 1
321,0.07147561868304211,0.046138716150259176,-0.14155968890250592,-0.004535163333729129,4,Two-stage left turn 1
322,-0.07357283155152557,0.02010099288925299,-0.08355011009802553,-0.0014095388261003794,0,Two-stage left turn 1
323,0.055715941771136146,0.08987220232394674,-0.26749334100736705,0.004606751229539168,4,Two-stage left turn 1
324,-0.056334958266614325,-0.019717896848509296,-0.02162510673825042,-0.00691149833835604,0,Two-stage left turn 1
325,-0.03211953787766315,-0.007363572863786447,0.05622336002636165,-0.0033337421278563967,2,Two-stage left turn 1
326,-0.07007659176933573,0.025122634046018767,-0.010693152590718376,-0.0024101493341964477,2,Two-stage left turn 1
327,-0.017946124214524867,0.04420050376109453,-0.04699503175058457,-0.007709597352408859,4,Two-stage left turn 1
328,-0.03517933146075444,-0.006572679246528961,-0.07122118826717173,-0.001920733506959598,0,Two-stage left turn 1
329,-0.04637162658211169,0.03674011003717058,-0.09723322573950349,0.005018734297110987,4,Two-stage left turn 1
330,-0.052266467864266954,0.0050084218026262345,-0.05605458441443265,-0.005603994425062027,0,Two-stage left turn 1
331,-0.048501558312739584,0.06717273249912346,-0.08928592483819048,-0.024949949314969227,4,Two-stage left turn 1
332,-0.034493103085742834,-0.04695775890332956,-0.05751203703736831,-0.006474785415729211,0,Two-stage left turn 1
333,-0.06846832333774637,-0.06946239524695057,-0.11411455787215186,-0.009457749429315043,0,Two-stage left turn 1
334,-0.0666636698377014,-0.04565513836625567,-0.061865993126790704,0.0024298200189575916,0,Two-stage left turn 1
335,-0.029744462481001883,-0.042384219248617704,-0.15972348032726338,0.0032915624416594838,0,Two-stage left turn 1
336,0.029427576482813758,-0.13329163557108414,-0.08578164030240237,0.003205559568771406,0,Two-stage left turn 1
337,-0.034161117927010876,-0.06864757673326456,-0.15314121811993597,-0.006920272648750967,0,Two-stage left turn 1
338,-0.05298642717755633,-0.018158006231208387,-0.16212557225818428,-0.015515279536258393,0,Two-stage left turn 1
339,-0.06320939193245499,-0.07691285060923507,-0.15875587031148958,-0.0030906441105680495,0,Two-stage left turn 1
340,-0.04915667149375397,-0.08793615515674096,-0.1331164650839062,-0.005455825897009001,0,Two-stage left turn 1
341,-0.1007809886923878,-0.06406337254963043,-0.1368949152961031,-0.0007187407744711728,0,Two-stage left turn 1
342,-0.09925829299873448,-0.08002304928626441,-0.08986626874622125,-0.0032727240629247187,0,Two-stage left turn 1
343,-0.1207658536780486,-0.05244489793934676,-0.09375300059983642,-0.0030570502925384435,0,Two-stage left turn 1
344,-0.07032465342450596,-0.009275431597030126,-0.13614394212994294,-0.005040420653274383,0,Two-stage left turn 1
345,-0.1084288471289395,-0.04679732662712064,-0.09047309292916654,-0.0004383779048761874,0,Two-stage left turn 1
346,-0.038550069304915176,-0.06396647629556627,-0.14081385058957463,-0.005031532492834208,0,Two-stage left turn 1
347,-0.06510271465723688,-0.11253489597223783,-0.11719164949922352,-0.0038503686575252554,0,Two-stage left turn 1
348,-0.06279143247222663,-0.1108348794137216,-0.14318644707953124,-0.008528305888321729,0,Two-stage left turn 1
349,-0.08493638661834643,-0.1680530779771183,-0.13508591518299243,-0.002213574233261793,0,Two-stage left turn 1
350,-0.05889781318918256,-0.11641522557889186,-0.2028182669211722,-0.009927544499206251,0,Two-stage left turn 1
351,-0.05240791486733028,-0.21181721571423529,-0.1667598177864172,0.0038660562930527085,0,Two-stage left turn 1
352,-0.117346032573592,-0.12819969008477128,-0.11513565805239273,0.0016791385266590015,0,Two-stage left turn 1
353,-0.12197375381318208,-0.09431934212245999,-0.08787608970085191,0.0016148976306469454,0,Two-stage left turn 1
354,-0.12513105505076275,-0.08682641835175303,-0.11169553143746448,0.0037627923014458566,0,Two-stage left turn 1
355,-0.09283047220336678,-0.08042467381525473,-0.05998530854371574,0.0067926238747456815,0,Two-stage left turn 1
356,0.024694830018534075,-0.17044720164478303,-0.02896358771859568,-0.009380599175991326,0,Two-stage left turn 1
357,-0.12337751407322493,0.09573672823972933,-0.05801002464579545,0.004790031513980553,2,Idle 2
358,0.0028033992293446277,-0.05368504856148678,-0.03747227713229003,-0.0029919871164758825,0,Idle 2
359,-0.1197786531333561,0.049508125380998184,-0.011320693076252105,-0.011094967143729768,2,Idle 2
360,0.15589548647555843,-0.1429058196213915,0.009169852422394088,0.023617410065786437,3,Idle 2
361,0.009591876193806588,-0.07954648711897705,-0.007323972457409833,-0.011878078972604879,0,Idle 2
362,0.03472852450496322,-0.02583805212082802,-0.033627328618741854,-0.018183862134509014,4,Idle 2
363,0.004214467999730775,-0.05432655107821958,-0.008000840752802411,-0.013262944133095153,0,Idle 2
364,0.028681106425491026,-0.04728275286662981,0.026003029467349992,-0.01415306836994209,3,Idle 2
365,0.17489697038848834,-0.1623478205228441,0.007960943258970858,-0.0010009612536709918,3,Idle 2
366,-0.05219820853041816,-0.00024833600009435344,-0.02544566402045445,1.348113486580439e-05,0,Idle 2
367,0.05624459961511035,-0.013965352132312073,0.0130552025579945,-0.016864348675143005,4,Idle 2
368,-0.002057077853174094,-0.061039071208966365,0.017593924009277225,-0.009064788442109558,0,Idle 2
369,0.06504991134286991,-0.04318438280762045,-0.04281113878198369,-0.009110756585116819,0,Idle 2
370,-0.022642056248848286,0.007016150091984324,-0.0037906863423704243,-0.006441838281711753,4,Idle 2
371,0.057651213472545926,-0.0057498111436591875,0.020630046915467524,-0.018122560339513694,4,Idle 2
372,-0.060294960418732224,0.0154775827730742,0.016427617820692703,-0.0060390615011251024,2,Idle 2
373,0.001971211829861672,-0.02417203870093672,-0.028827659847478208,-0.006981336719962089,0,Idle 2
374,-0.05384534433623623,0.03166450841341327,0.01614477664784224,-0.007777093318401064,2,Idle 2
375,0.05518754640502464,0.03238740327818066,0.013077711426024678,-0.019023926949291708,4,Idle 2
376,-0.14658726810359254,0.00915936646507912,0.002777261959871096,-0.017993295887841935,2,Idle 2
377,0.039297289724570535,-0.07888833382105075,-0.05193501576685421,-0.011141001865157875,0,Idle 2
378,0.027997009640460337,-0.05026721261262218,-0.02835922637371384,-0.007229939918409835,0,Idle 2
379,-0.12310420794803054,0.04063724244191222,0.04795760481108321,-0.019824233612546985,2,Idle 2
380,-0.02486612135140934,-0.044933704882268735,0.021973331595637878,-0.0067229177357586815,0,Idle 2
381,-0.0463926957450332,0.08770428325524857,-0.027645719898675758,-0.0032911651392480827,4,Idle 2
382,-0.03344413335742742,0.0202139896888743,0.027485663709396455,-0.005093197963729535,2,Idle 2
383,-0.08309011483486733,0.03541208095392488,0.028660676926730997,-0.005291169064764604,2,Idle 2
384,-0.04326886520666008,-0.040699676252392576,-0.008790879936370283,-0.00949294381805428,0,Idle 2
385,-0.14927825738242823,0.03818632108383781,0.0004580991552931996,-0.015209116120576849,2,Idle 2
386,-0.1458748516862332,0.13382627467930738,0.003769961768902417,0.01550467548049683,2,Idle 2
387,0.003997535980517199,-0.06374230144720622,0.006357006226073742,-0.013332784920780869,0,Idle 2
388,-0.04248767098427038,-0.005848278730574631,-0.010951104025394716,-0.011329002969850021,0,Idle 2
389,0.05921226159725927,-0.012482103612246541,-0.019475002985410685,-0.01441205637502474,4,Idle 2
390,-0.08164544900704909,0.002177940754160738,0.01946780153638707,-0.009216632943040171,2,Idle 2
391,0.046641420731854205,0.059345331687592394,-0.03434858044680628,-0.02098770555362937,4,Idle 2
392,-0.07160571854682622,-0.023259573232436034,-0.007294947046925007,-0.01526737702348632,0,Idle 2
393,0.02277168656553415,-0.022344475053816624,-0.04062842819666751,-0.003368681461443452,4,Idle 2
394,0.06305920467770212,-0.05470553766078513,0.0026771353694798714,-0.007138535712678442,3,Idle 2
395,0.05112362941487395,0.004890568557214268,-0.027856601152918527,-0.008397739153068797,4,Idle 2
396,-0.16687545998601255,0.08763448248084778,-0.0368452336298752,-0.015252287391338297,2,Idle 2
397,0.032886472557919,-0.01836229511478248,-0.041946547669842876,-0.002041389585736303,4,Idle 2
398,0.15284209881961802,-0.13754936600063103,0.013753793273229615,-0.006027253655173242,3,Idle 2
399,0.03171177453399319,-0.031722524766690914,-0.013102611929560156,-0.014599342471158988,0,Idle 2
400,0.017822206090719557,-0.06486479854622632,-0.052607096690402505,-0.01078341193229771,0,Idle 2
401,0.013246697310964534,0.015578487094128677,-0.0023043638389539803,-0.010305353392420311,4,Idle 2
402,0.023156775127055176,-0.05149397495195925,0.03730914259320532,-0.014677984231370192,3,Idle 2
403,-0.036366339818608415,-0.03148509440301051,-0.010869981474726186,-0.004681391217324342,0,Idle 2
404,-0.04887512973299037,0.07650794536936079,-0.02154106936423933,-0.003010841016965125,4,Idle 2
405,-0.07224348195236488,0.028641690546713096,0.004869091334947719,-0.0017213815817761486,2,Idle 2
406,-0.035979706036822295,-0.033264483324978424,-0.042402448322739116,-0.0037951954285922575,0,Idle 2
407,0.06730998007230458,-0.0042055043811325046,-0.01918809839521898,-0.01667488757458576,4,Idle 2
408,0.07717677718990423,-0.010377959544082868,0.008764053502804419,-0.000321676611336942,4,Idle 2
409,0.012432044819982608,-0.07334980634433837,-0.02226399024232596,-0.007620374023402694,0,Idle 2
410,0.018050386465712137,-0.052305560440981155,-0.03837161466637056,-0.006524654325942865,0,Idle 2
411,-0.15770058252065564,0.05381747730278185,0.050183553431509334,-0.022213544451498517,2,Idle 2
412,-0.07585524849628927,-0.009454926278196767,-0.010785164748953302,-0.007676169911817452,2,Idle 2
413,0.011463513473617406,0.04755568909209349,0.008187275200574893,-0.025861836088322165,4,Idle 2
414,-0.06637139215623049,0.012088877391823937,-0.016213843664495013,-0.01146471132997527,2,Idle 2
415,0.04389108588548335,-0.03610836411458597,-0.04146016669216733,-0.0010311093910761275,0,Idle 2
416,0.07457765002866985,-0.05811340049066179,0.015539133360623177,-0.00880846930842647,3,Idle 2
417,0.0314412894857988,-0.055750070257882284,-0.009699530839063683,-0.01309256594945018,0,Idle 2
418,0.017750826098774326,-0.06718821527391985,-0.051737290409106074,-0.008944550246530687,0,Idle 2
419,0.04688241743555053,-0.04402489750372594,-0.05118304084950109,-0.005762977598223607,0,Idle 2
420,-0.07519858117020478,-0.0042776726119829874,-0.03396302873123108,-0.007929212539729323,0,Idle 2
421,0.03386575585153402,0.03055061577054683,0.005181519390718722,-0.016546712104815953,4,Idle 2
422,-0.034323633151141876,0.07171560479128224,-0.008679522618624433,-0.008860345394796403,4,Idle 2
423,0.17192704723108243,-0.11589360380275623,-0.06269741797223023,0.024265429434174444,3,Idle 2
424,-0.00606212829753719,-0.016615149967460642,-0.041994872630129465,-0.000645668127337364,0,Idle 2
425,0.06001869481012516,-0.016844534401551817,-0.01750680081808151,-0.013873826050260331,4,Idle 2
426,0.07600117783833557,-0.026656232937192655,0.001383118332993164,-0.004783436470772164,3,Idle 2
427,0.1402457407865743,-0.22784656203681744,-0.1231690611907091,-0.01047131125914822,0,Go straight 2
428,-0.0034130625930957853,-0.1243114907622744,0.07373209567381557,-0.014320213279072482,3,Go straight 2
429,-0.004781006172246254,-0.09374559716808263,-0.02060219340842583,-0.008783720503796126,0,Go straight 2
430,-0.016499762952559203,-0.02820786963321142,0.0021386880577590303,0.004769377931133357,0,Go straight 2
431,-0.04077800553542404,-0.013962431644961065,-0.09783642081140669,-0.0010374780557154877,0,Go straight 2
432,0.05755362369729711,-0.015425860581922218,-0.009906612798095588,-0.018809606415378058,4,Go straight 2
433,0.05523204203252357,-0.07535883379754668,0.0486017982442158,-0.006660836922331496,3,Go straight 2
434,-0.07497642698646287,0.08130613876685445,0.02063865559653255,-0.002289713885611542,2,Go straight 2
435,-0.15074287433630806,0.10833180845396774,0.02168767510575949,0.014964353477958098,2,Go straight 2
436,0.02612261084505362,-0.12291259492215177,-0.02676992386943825,-0.012919436584127213,0,Go straight 2
437,-0.010494192203718259,0.0789830811696891,-0.003557767993261746,0.0034636619880829937,4,Go straight 2
438,0.0775188070765651,0.050121855033589215,-0.028277794175267414,-0.020282928408793963,4,Go straight 2
439,0.013051937611668856,-0.10862809771462438,-0.0753592539651573,-0.005879294506678118,0,Go straight 2
440,0.11846093262042584,-0.018857374635736897,0.032412361321467395,-0.018363324675900197,3,Go straight 2
441,0.0030699179089954155,0.05031085529316189,0.02438772500541085,-0.007482796583351878,4,Go straight 2
442,-0.1475983825980432,0.08061804741696277,-0.12233604305472255,-0.0035472881204223223,2,Go straight 2
443,-0.20524703106018463,-0.016792848258073173,0.02397562249188229,0.00799262596344641,2,Go straight 2
444,-0.055015723657493174,0.10206324167490811,-0.058183853349776146,-0.003000418074835832,4,Go straight 2
445,0.024723338057698354,-0.07811471798390113,-0.06775711467267019,-0.00881029610866071,0,Go straight 2
446,0.0669855174279227,-0.02792765894743496,0.13270993447147206,-0.03786394144860259,3,Go straight 2
447,0.12491565986352081,-0.10473604691731309,0.03328903280914841,0.02298904581753601,3,Go straight 2
448,-0.04019795728280444,-0.05910135305825072,-0.13846751047599537,-0.010097432004294218,0,Go straight 2
449,0.4218688178442899,0.2561269630642761,0.150786821870901,-0.1888867555815224,1,Go straight 2
450,-0.10216039078879546,-0.07112506313422277,-0.04733350389011434,-0.022952347863767302,0,Go straight 2
451,0.046606034216777205,-0.15227551702822822,0.09152960968671425,-0.001333677775626231,3,Go straight 2
452,0.043799911224576014,-0.15427959768446953,-0.03263238945938033,-0.024135959864870733,0,Go straight 2
453,0.03187163505333992,-0.05828918855721014,-0.046742282208101865,-0.012223409841059244,0,Go straight 2
454,0.08043018415796979,-0.1357216795752678,0.1335943188717291,-0.02171955978893175,3,Go straight 2
455,0.11515996005971399,0.08956397315227208,-0.11819352433032994,0.03213316842634782,4,Go straight 2
456,-0.05323124769663684,0.033334252420430005,0.06530278472668906,0.008637054224742733,2,Go straight 2
457,0.03137340510347546,-0.04347578330989657,-0.11197138061479596,-0.0089485522455924,0,Go straight 2
458,-0.1269334913087843,0.04226101700778544,0.07349703691022602,0.008470920598387105,2,Go straight 2
459,-0.10460847881078777,0.04640715345207137,-0.00262836015199445,-0.004410631672124069,2,Go straight 2
460,0.17570487243377186,-0.05546837363699235,-0.04696146273170961,-0.011946724116595807,3,Go straight 2
461,0.4763508075294686,0.3680631344464659,0.20635468262888412,-0.137520807184721,1,Go straight 2
462,0.17776814258509624,0.0648275486232652,-0.06926375484997709,-0.159742428955649,4,Go straight 2
463,0.031449654021937605,-0.07590116247942003,-0.1904485366581315,0.026568296578927817,0,Go straight 2
464,0.035037210398029386,-0.17797405233257474,-0.07489501411261623,-0.0139837969776414,0,Go straight 2
465,0.10034758176241712,-0.012884550462252363,0.016560665242811575,-0.054982550509519494,3,Go straight 2
466,-0.07265078104059688,-0.1413494883075421,-0.05869773526000616,-0.03645664598500067,0,Go straight 2
467,-0.022826769378382426,-0.21543680213248922,0.050960794952068234,-0.027463967763702215,0,Go straight 2
468,-0.061649351657340354,-0.17130159278644866,0.07258312177079093,-0.009218645918807875,0,Go straight 2
469,-0.1567923959798217,-0.04809165421000032,-0.015297204020525921,0.017953297711523018,2,Go straight 2
470,0.12826069983855834,-0.17348641906653198,0.008588346294914603,-0.013048596774158806,3,Go straight 2
471,0.23732187392662038,-0.05032756257232208,-0.039004265155406635,-0.030277122799613563,3,Go straight 2
472,-0.22477171540731716,-0.027948680912725805,-0.022554205395848147,-0.01401571538237331,2,Go straight 2
473,0.13311316273119742,-0.18935859754222253,-0.03434580374149679,-0.029686397036952368,3,Go straight 2
474,-0.17035789249999925,-0.21505303953243265,0.23710246415676992,-0.08235768452279361,2,Go straight 2
475,-0.15219076102488244,0.07349631806457997,-0.05924122782919523,0.008859497171817587,2,Go straight 2
476,-0.04920691653858205,0.06512222565188008,-0.17185144431873928,0.009696054555882004,4,Go straight 2
477,0.1434263855257295,0.034786486244949164,-0.005596057209208849,-0.09324676135983459,4,Go straight 2
478,0.37836239159739576,0.2903508586953965,0.027394618429293728,0.043334352075463926,1,Go straight 2
479,0.15815452296248986,0.21358996612830722,0.028648386030071644,0.031203242974894792,1,Go straight 2
480,-0.12089525424147995,-0.22424109006381632,0.05128340158067112,0.02305953408665064,0,Go straight 2
481,-0.024003668236563115,-0.09087896031636661,0.19345936770558828,0.030314065107649828,3,Go straight 2
482,0.20434211600535396,0.06487676976538219,-0.026451157371534303,0.14191837116027245,4,Go straight 2
483,0.013639393130586559,-0.08080669442188644,0.10799174299733455,-0.013850301993382606,3,Turn right 2
484,-0.09941447306907435,0.010933871057991056,0.13023863699378255,0.11019592353941339,2,Turn right 2
485,-0.16440898141373808,0.07999293148419867,-0.02094708772781417,0.039086960195105616,2,Turn right 2
486,-0.0068714650382385705,-0.02883826349375474,0.07352691373945848,0.0008171244968378131,3,Turn right 2
487,0.1339671788119274,0.0027962843387879287,0.14307501314592994,0.021195929210497882,3,Turn right 2
488,-0.14417994131489306,0.0436056674393888,0.05824206636492009,-0.03959032745414933,2,Turn right 2
489,0.04415877187333831,-0.14697002136965912,0.3069520737810027,0.01996641796430471,3,Turn right 2
490,-0.03896191289621253,0.0006746047017860183,0.03518474893000645,0.03521482727999381,2,Turn right 2
491,-0.0137443960936943,0.161013935057681,0.052616841132144695,-0.005717147130727629,4,Turn right 2
492,0.12983516189291766,-0.2063349231140402,0.29317325818972806,0.10035044687228352,3,Turn right 2
493,-0.18362475416930935,0.05253914811513598,-0.02792617844882529,0.005004937601940923,2,Turn right 2
494,-0.05800428232976005,-0.05921529829665917,0.16968883041111568,0.012063298465754787,2,Turn right 2
495,0.07632975513819294,-0.0027524443025627138,-0.12344652633950187,0.028812435453174395,4,Turn right 2
496,0.01841005657442874,-0.07565461207191324,0.20228017586376404,-0.0504092254717088,3,Turn right 2
497,-0.06658941170964253,-0.07001621851530627,-0.008384956532469517,-0.025208812937583806,0,Turn right 2
498,0.06565801645713051,-0.07523770995224721,0.13771312864073218,-0.014490633780509613,3,Turn right 2
499,-0.10299416529748938,0.02926081053151922,0.10564335549328714,0.005713126023050792,2,Turn right 2
500,0.019930345044624723,-0.07290533656841416,0.07829311642468587,-0.014323392829954195,3,Turn right 2
501,-0.027815005981516556,0.008840848309529257,-0.06224719128287947,-0.008719376534619797,4,Turn right 2
502,0.1775402976825902,0.0011101951384651272,0.020922557941671898,0.08270659559933224,3,Turn right 2
503,-0.121482728097733,-0.017021102621637006,0.12918025393269425,0.02561688529625648,2,Turn right 2
504,-0.13301704604175196,0.06635864606625108,0.030864745263714133,0.0275500218681447,2,Turn right 2
505,-0.1044399864204817,-0.2834872701839925,-0.010090441799693914,0.01001897640361207,0,Turn right 2
506,0.056039385899513676,-0.010332694236143098,0.12113337248812166,-0.02077329060643756,3,Turn right 2
507,0.06574385562217357,-0.06334580016432846,-0.10352440778928496,0.04692794820594774,0,Turn right 2
508,0.04438180195782164,-0.21724060894686975,0.17087368322994256,0.06043179245565669,3,Turn right 2
509,-0.10836164853220188,-0.04333717530985538,0.07115850602369118,-0.007838608380945432,2,Turn right 2
510,-0.11318746845214943,-0.10681183269305783,0.09392391010315265,0.0005582101115098023,2,Turn right 2
511,0.35108389398075457,0.2948133599822874,0.07737747275810236,-0.1224720343801675,1,Turn right 2
512,-0.0856492087184703,-0.059023758176276725,0.09494368837289029,-0.012998618156813344,2,Turn right 2
513,-0.0465688082526915,0.050244003548583216,0.11049258177970904,-0.006178267705875136,2,Turn right 2
514,0.1188075610305245,-0.020661251478208752,-0.10041615172354533,0.006124897965026596,4,Turn right 2
515,0.06052842862586024,0.1668236106826049,0.10155451025368498,0.022971833538400186,4,Turn right 2
516,-0.0033030878177923904,-0.08013920450404605,0.04318888315141699,-0.003093767826670977,0,Turn right 2
517,-0.011142742873074058,0.039302101893296776,0.07576645140902154,-0.0214167190999231,2,Turn right 2
518,0.05455977615118341,0.18955395875648376,0.042922668833566914,-0.0020540793505227284,4,Turn right 2
519,-0.13787306245307634,-0.03790655872643698,0.12445842873964241,0.025333557794120862,2,Turn right 2
520,0.06796331509883805,0.05200995414924126,-0.12266027227426317,0.029435660775254186,4,Turn right 2
521,0.07017596613497452,-0.03953229972993749,0.1097978583909145,0.08912524064641174,3,Turn right 2
522,0.03156769997404589,-0.12315224758598729,-0.022183949241656235,0.03806507092640209,0,Turn right 2
523,-0.047210512843477624,-0.057302577107449716,0.11210716051118276,-0.027898599618814315,2,Turn right 2
524,0.07048983636636129,0.1357630720032848,-0.00802417657863884,0.03556731817437881,4,Turn right 2
525,-0.01860650455332107,0.13370556733056585,0.23515973467530274,0.0029499305103607622,2,Turn right 2
526,-0.04406813873977926,0.0672228623676588,0.02236424372326994,-0.0009349955989192522,2,Turn right 2
527,-0.1584087150738198,0.15423188011265668,0.07449496477182276,0.21036084715823924,2,Turn right 2
528,0.21569451002569698,0.0674158226503623,0.08345701002489324,0.16888326974613693,3,Turn right 2
529,-0.17766481184660424,0.02205705894044579,-0.007137975580585047,0.02087316806435751,2,Turn right 2
530,-0.025770756910893804,0.04987775169628839,0.1579244350011678,-0.044993002443162324,2,Turn right 2
531,-0.08054985662818846,0.1065764922227352,0.010867996260293743,2.1044568452552113e-05,2,Turn right 2
532,-0.05208481792986952,-0.05659380143738777,0.16056866797540034,-0.06384469510231124,2,Turn right 2
533,-0.07396387889016211,-0.04652495632430117,-0.00012591611883318757,-0.015994814545524347,0,Turn right 2
534,-0.19507019874170475,0.07345001242571997,0.08399461568462863,0.019358377114104295,2,Turn right 2
535,-0.04832863604539458,-0.01634710309601876,-0.0015043918116245732,0.012140950274722952,0,Turn right 2
536,-0.036072430779017534,-0.014553196738692355,0.049281269931825494,0.042831032064132836,2,Turn right 2
537,-0.18369730868963638,0.10972262592850138,0.12896047550989567,0.00679865719798077,2,Turn right 2
538,-0.054278331768618494,0.10442727528840391,0.053858983707311056,-0.00467635816222818,2,Turn right 2
539,0.04943030343983529,-0.0025813669656128174,0.17485922079516622,9.521502870194076e-05,3,Turn right 2
540,-0.06907967221461095,-0.08004985052579419,-0.034953745576257376,-0.006726585191373359,0,Turn right 2
541,0.05888792650372975,-0.16399820172587398,0.12021556032465103,0.00878783968445086,3,Turn right 2
542,0.023284651331589072,-0.15072291843509247,-0.025206639065588458,0.0879877286209486,0,Turn right 2
543,-0.035269130895953286,0.014938939467074346,0.13690606707155495,0.011107574417821238,2,Turn right 2
544,-0.20917441092281738,-0.010747724071670949,-0.0014503224547528352,-0.015681631724517156,2,Turn right 2
545,-0.022804085855728313,-0.035309979252143145,0.1897243502423642,0.03829298712277812,3,Turn right 2
546,-0.19352159376895903,-0.023011630515711597,0.15172224716063443,-0.036636236439997354,2,Turn right 2
547,0.10559515022569328,-0.14529778823915437,0.09874448912541833,0.0009828460273666624,3,Turn right 2
548,0.1259758195185422,0.00012828941393640064,0.11284192917325904,-0.0244309813458278,3,Turn right 2
549,-0.17625199773920702,-0.05180579441256365,0.2411169028018367,-0.03212042474425776,2,Turn right 2
550,-0.09140026311078302,0.08253615583616689,0.07188259258781526,-0.023175179939940664,2,Turn left 2
551,0.013530244844012862,0.1818510047596866,-0.08765001384895822,0.03099776968525471,4,Turn left 2
552,-0.13269299280615512,0.1224942186189776,0.016922284794970367,-0.007977377938993314,2,Turn left 2
553,-0.010169895616486917,0.03830142840079456,-0.08404055338889414,0.004902890675035304,4,Turn left 2
554,0.10685202219085499,-0.19921774277697965,0.0694889273927092,-0.007251460621119444,3,Turn left 2
555,-0.021680089484702365,-0.04394642731756938,0.005425358689351096,-0.018890585303717754,0,Turn left 2
556,-0.20936180212115604,-0.04574489690483297,0.03809166781748246,0.00238225861052423,2,Turn left 2
557,-0.06360782279485146,-0.036193242917998344,-0.06372495580298125,-0.01445095929769308,0,Turn left 2
558,0.15258368464957459,0.036404409167652474,-0.19531871843817403,-0.08145225697042213,4,Turn left 2
559,0.039083826578105406,0.019177319806325574,-0.06407149775335634,0.017874940649195516,4,Turn left 2
560,0.06956766722058687,0.03511293650616089,-0.03900276969517938,0.002824613445696758,4,Turn left 2
561,0.036597420035949,0.09246023277268467,-0.009930876828443388,-0.013322620357225154,4,Turn left 2
562,0.2138658342113876,-0.10275586257631784,-0.022438455726585562,0.08158571950563634,3,Turn left 2
563,0.3211970927327534,-0.01601838044489705,0.0728703944172805,0.05850663493770326,3,Turn left 2
564,0.15059832990419605,-0.05748672175281804,0.09820568190644267,0.005649036394223069,3,Turn left 2
565,-0.003448426901010495,-0.00819343520338159,-0.01982987686830487,-0.010106701379932036,4,Turn left 2
566,-0.1574448120893586,0.018604645433787228,0.1268732723260065,-0.09625413878211204,2,Turn left 2
567,-0.11121091121159964,-0.14007411348276919,-0.018456352969134972,-0.05900122311731475,0,Turn left 2
568,0.015305381197165086,0.03525575488538312,-0.16494454596301444,-0.004645654512411456,4,Turn left 2
569,0.4238721070604824,0.578400445193392,0.029248576065507615,-0.05112989765412503,1,Turn left 2
570,0.006201434021336919,0.036666936601473465,-0.20186651706971007,-0.01196465244511182,4,Turn left 2
571,0.44454388410959983,0.301703113474818,-0.0997402460956526,-0.26276637146516457,1,Turn left 2
572,-0.01931960720622249,-0.12807528501949234,0.0454165718411233,-0.03512427901992396,0,Turn left 2
573,-0.024234691512659196,-0.12061414887668355,0.03543611388544285,-0.01755759347003044,0,Turn left 2
574,-0.19133630520190012,0.03149745195077472,-0.061288337972523255,-0.03534024670121974,2,Turn left 2
575,-0.12091740085665671,0.07684876117941886,-0.08397879190049617,-0.012798210794138102,2,Turn left 2
576,-0.18842192738585412,-0.014905290374662029,0.03660648030627231,-0.05837109370413923,2,Turn left 2
577,0.1753843289834018,-0.1722901477920725,0.031993329364403356,0.014405854962264533,3,Turn left 2
578,-0.024745250718126652,0.12301649876686803,-0.04112291056294603,0.021514743590178735,4,Turn left 2
579,0.015499493565527135,0.09962797810364807,-0.06040744410148915,0.026773400521412607,4,Turn left 2
580,0.10729316637167084,0.3160568416322284,0.0045002514935993596,0.025615561337667327,1,Turn left 2
581,-0.11383923171714842,-0.03557132611662324,0.03603332171966149,-0.04499270767339278,2,Turn left 2
582,0.09808689496006602,-0.05212691351950976,0.052071685260673885,-0.026157232092843312,3,Turn left 2
583,0.014728291887616225,-0.06536598896054788,0.10796081116878208,-0.04674173795849723,3,Turn left 2
584,0.12909735275526965,-0.03878607439886557,0.00939306384547933,-0.014914246969363385,3,Turn left 2
585,0.1802968487931768,0.09619594665210146,0.055984265128638966,-0.045155520695129646,4,Turn left 2
586,0.18220607752306023,0.008922559106224177,-0.016387879186040406,0.030334369557707744,3,Turn left 2
587,0.2411688578985513,0.07833736036455667,-0.0674017068211821,-0.0026370329907196813,4,Turn left 2
588,-0.04053517765764168,0.1989422808547583,0.062191434894889375,0.006216004688873605,2,Turn left 2
589,0.07048823592693367,0.1287264916651931,-0.071632949045639,0.04092978915695233,4,Turn left 2
590,-0.12240824075872365,0.1497776780167504,-0.014487282549179522,-0.0030831073283694964,2,Turn left 2
591,0.055464731098779495,-0.19878221197265233,-0.046228346916897,-0.03713501157149971,0,Turn left 2
592,-0.17682566243243253,0.11606487852752127,-0.0069904126972280345,0.0032252854218332455,2,Turn left 2
593,0.027695756587397608,0.09496054554057297,-0.027593183225893343,0.033136430758520255,4,Turn left 2
594,0.0017325610540681513,0.103847909002658,0.08771171285599223,0.055849872136909576,4,Turn left 2
595,-0.0795606187898117,0.09317626783522447,-0.05514022994550473,0.053535473456231976,2,Turn left 2
596,0.08063043926268414,0.04137439695625856,-0.051313066402810546,-0.029363855604560257,4,Turn left 2
597,-0.042745307116234324,0.12987565241426957,-0.09597626005204334,-0.0038036078212294027,4,Turn left 2
598,0.10223544844446517,-0.09142145567552654,0.017786232057053777,0.07403990366311498,3,Turn left 2
599,-0.1865430455099767,0.0801507882306573,-0.027168626744503026,-0.003878053664393575,2,Turn left 2
600,-0.13792391338246754,0.1251880190079769,-0.06775156968036579,0.012508616891601466,2,Turn left 2
601,-0.11580118664832385,0.12731819328622335,0.00636592919865655,0.02190875350679089,2,Turn left 2
602,0.17923422851228954,-0.04731536481344626,0.01632221093077322,-0.0010861592959791348,3,Turn left 2
603,0.28169255106850144,-0.12860972868353987,-0.1534898557026053,0.02612715181263227,3,Turn left 2
604,0.33527689436785685,-0.1328584577644971,-0.06830116192334044,0.003973512139898082,3,Turn left 2
605,0.25031731003705904,-0.07748323508157907,0.00024776279665769213,0.05064623753826371,3,Turn left 2
606,0.006335656379102364,0.060118997283855634,0.027178114595161895,0.027451724002163492,4,Turn left 2
607,0.22801539882679653,0.337748008960087,-0.000769705246131977,0.029737344668290137,1,Turn left 2
608,-0.018299680770589393,0.16222604719563471,-0.025429141475923355,0.009477972576298278,4,Turn left 2
609,0.059965109024899724,-0.252328267671821,0.0033628257542610497,-0.0436599690543564,3,Turn left 2
610,0.06465604059579305,-0.2846425064383964,0.07366064306297873,-0.09228433447004657,3,Turn left 2
611,-0.24040929628957794,0.10310577654376253,0.04473761606182589,-0.026413794421822605,2,Turn left 2
612,-0.19978669705615737,0.02810466801864618,-0.02201866674691628,-0.1066517466784373,2,Turn left 2
613,0.0991347205529041,-0.2325307551435189,-0.07104089027916138,-0.028164656918993326,0,Turn left 2
614,-0.009108514076426969,0.13565932982075593,-0.14666765627160966,0.03653713253064132,4,Turn left 2
615,-0.12531537839435103,0.12362886286301343,-0.023741298576078027,0.01500121903820526,2,Turn left 2
616,0.2411898480148572,-0.21235696427798964,0.045146245072769604,0.19152587246783268,3,Turn left 2
617,0.1659738970483722,-0.1428253941855399,-0.08692283934792079,0.1482596303417339,3,Turn left 2
618,0.2923004574744192,-0.08371215324878765,0.004839626575379969,0.09680968051428104,3,Turn left 2
619,-0.1751769151190395,0.16852698290898027,0.09219318087007507,-0.06565371493263003,2,Turn left 2
620,0.0046351481263884895,0.06650596422498077,-0.045353342112785015,-0.010587384202317626,4,Turn left 2
621,-0.014925063004576293,0.1078359200216278,0.04437018085192458,0.01465982393340797,4,Turn left 2
622,0.19648713201245777,-0.09785538883786488,-0.021371721551804446,0.008532439021433262,3,Turn left 2
623,0.07065820544908537,0.008298002797892846,0.0803503641061591,0.025420341458504286,3,Turn left 2
624,-0.20813376635809377,0.1193707488758508,0.01194079416381497,0.03182481432263481,2,Turn left 2
625,0.18390878080481773,0.017970832157508717,0.0012503681162668303,0.07563874587994654,3,Turn left 2
626,-0.10734133869734422,0.16390704095969844,-0.07783688596280662,0.020114793020906824,2,Turn left 2
627,-0.10293764069682745,0.17172107058637612,0.0064697137882738075,-0.0039968561313666,2,Turn left 2
628,0.12827424232540008,-0.1588619295484463,-0.16499396156253776,0.012043054735985539,0,Two-stage left turn 2
629,-0.20760833157665884,0.13057214980335635,0.1689142501011534,0.0014718674796385086,2,Two-stage left turn 2
630,-0.048593898489063425,0.03465806943517839,-0.017707305229792285,-0.00016191374362706812,4,Two-stage left turn 2
631,-0.02807359158039845,0.048927830746109825,-0.008382573019831644,-0.013433853771949394,4,Two-stage left turn 2
632,-0.0616895662295443,-0.08315646005475483,0.07260234539084952,-0.022771712755210602,0,Two-stage left turn 2
633,-0.12439952067523397,0.04213326610018652,0.10109863256489368,-0.0030233829633896994,2,Two-stage left turn 2
634,-0.19047472752447814,-0.1674011881865613,0.0791170439172022,-0.0458488611139598,0,Two-stage left turn 2
635,-0.22077911676823503,0.07270540335928823,0.09492067608628577,-0.008524431368123812,2,Two-stage left turn 2
636,0.03898070965952485,-0.08982027039530295,-0.023644691050337924,-0.015179284788214056,0,Two-stage left turn 2
637,-0.02766733663634847,-0.022593453870522542,0.04901218412306305,-0.008054897064512598,2,Two-stage left turn 2
638,-0.10217399934006532,0.0186190164276071,-0.0759085681416473,-0.007543255384332903,2,Two-stage left turn 2
639,0.07241952144639205,-0.043775426502951846,-0.03848254297365551,-0.00028723505243860163,0,Two-stage left turn 2
640,0.058383137155434126,-0.10841767181978544,-0.05816471476293183,-0.005980583544418051,0,Two-stage left turn 2
641,-0.09133055805000782,0.010429078928735213,-0.04870242786029433,-0.00324971501072257,2,Two-stage left turn 2
642,-0.14197799939168407,0.04131191656966485,-0.04273842257657574,-0.006756346622792954,2,Two-stage left turn 2
643,-0.048700714924901564,0.07046372961187514,-0.0849400301744794,-0.0037691219684314126,4,Two-stage left turn 2
644,-0.17351426309469445,0.04000438831149989,0.031378900328724486,-0.00017642870329881034,2,Two-stage left turn 2
645,0.0702962688984264,0.038577984721996306,-0.06870069074664052,0.00596449450209449,4,Two-stage left turn 2
646,-0.09243932637621442,0.032495611816879905,0.04092677621508737,-0.0099993967182616,2,Two-stage left turn 2
647,-0.08982879912648999,0.16317154221432328,-0.07278208344328857,0.004863146028469235,4,Two-stage left turn 2
648,0.13415974195542146,0.0019333520674600022,0.04977095637513436,0.002631062059487282,3,Two-stage left turn 2
649,-0.11605555233185647,0.0877119993214697,-0.0786874416007021,-0.0037422601344214426,2,Two-stage left turn 2
650,0.040178890093406285,0.03615977030637023,0.01832002563554155,0.006681642022196983,4,Two-stage left turn 2
651,-0.10701047965985724,-0.048644330448973996,0.041168359085132,-0.01565045195905165,2,Two-stage left turn 2
652,0.22991744173077605,-0.05426059721910793,-0.10589497503888136,0.02829505771658011,3,Two-stage left turn 2
653,0.053216291083577776,-0.06401357742507782,0.008637786219442575,-0.0013259183986879745,3,Two-stage left turn 2
654,0.04875936432516826,0.004272165986148159,-0.07104078442624864,0.004103196693109971,4,Two-stage left turn 2
655,0.02810780165348707,0.02335540202140226,0.020303376540187157,-0.0022930889478564795,4,Two-stage left turn 2
656,0.05945949070314517,0.005465589006114048,0.014803386322884152,-0.011204281512105842,4,Two-stage left turn 2
657,0.034242352848317455,0.003202156945265103,-0.08123323516820043,-0.004267326951733998,4,Two-stage left turn 2
658,0.06298742371061393,0.05730559098301808,-0.09328349660176265,-0.009293974139888592,4,Two-stage left turn 2
659,-0.03227843304848533,0.11457595261364321,-0.037231311684230155,0.00036523372780501343,4,Two-stage left turn 2
660,0.011519088101125048,0.03847026636166521,-0.048788137379049155,-0.0066719834563136494,4,Two-stage left turn 2
661,0.036225053562133486,0.14042195783450231,-0.14469861979413523,0.005016325669939343,4,Two-stage left turn 2
662,0.08682700171250349,-0.06545052198784529,-0.054355070479243844,-0.037575120071522694,0,Two-stage left turn 2
663,0.09157020135307804,0.006955066777008485,-0.11196171904666735,-0.0007867278422666308,4,Two-stage left turn 2
664,0.11180036221461959,0.003684625203565519,-0.022389211556654666,-0.007932048220878913,4,Two-stage left turn 2
665,0.007863107407712719,0.16635975319380036,-0.016215909922371798,-0.0027241504211710224,4,Two-stage left turn 2
666,-0.045998528925670454,0.12385624795637667,0.03797586598489466,-0.009882548916262975,2,Two-stage left turn 2
667,-0.01936852384334226,0.19086454219916502,-0.027060904418461467,0.0011222234585520781,4,Two-stage left turn 2
668,0.0429449400400704,0.072557566925674,-0.008260351143772524,-0.004328691259077687,4,Two-stage left turn 2
669,0.0674401191753677,0.08124422053636356,-0.07425958694263216,-0.008737753751492758,4,Two-stage left turn 2
670,0.0867848433966419,0.108475763371967,-0.02722024008549692,-0.007751058941274435,4,Two-stage left turn 2
671,-0.025461626600556515,0.16167483256261508,-0.0022623107038123136,-0.009843933975741147,4,Two-stage left turn 2
672,-0.009323498696541324,0.16037294254184847,-0.06321534674565947,-0.0021879475505220884,4,Two-stage left turn 2
673,0.021596041860278088,0.0960810878094998,-0.06509555631156852,-0.006652407038142905,4,Two-stage left turn 2
674,-0.013246175761608709,0.16188003222859756,-0.06902965921857153,-0.0020678445199264176,4,Two-stage left turn 2
675,-0.06451731367669936,0.16447275802037176,-0.10541266291092928,0.0010149938309850714,4,Two-stage left turn 2
676,-0.0874290594224601,0.17123312940371574,-0.030243426691679377,-0.002862582600805425,2,Two-stage left turn 2
677,-0.021391385419699437,0.16623224254720165,-0.14048631876855736,0.005360575269856235,4,Two-stage left turn 2
678,-0.012155812525015621,0.12912585919981034,-0.10888709566356759,-0.0034134939739489836,4,Two-stage left turn 2
679,-0.0009762591682717851,0.15767650473659992,-0.06348757766207391,-0.008066742681291027,4,Two-stage left turn 2
680,0.07610610649769682,0.039361375252637235,-0.1711264222592496,-0.004315081130473271,4,Two-stage left turn 2
681,-0.06546397058827336,0.07289378736289646,-0.04664142897888842,-0.0052980291374131626,4,Two-stage left turn 2
682,-0.01870898004266537,0.15793787747140545,-0.18090107065097177,0.004444904062356474,4,Two-stage left turn 2
683,-0.09620807369091473,0.1479585923985756,-0.04409388023783187,-0.0011631555810054928,2,Two-stage left turn 2
684,-0.10978236941920547,0.13247047124337,-0.024242966587205234,0.0007190846524330815,2,Two-stage left turn 2
685,-0.06160719272861559,0.0958201351274143,-0.06579602274016993,0.007354181483167281,4,Two-stage left turn 2
686,-0.09966758937469965,0.05833091512028713,-0.015285462039625906,-0.00247587983648618,2,Two-stage left turn 2
687,-0.052285744617746384,0.07297498407392496,-0.08056806464691318,-0.008476875748505135,4,Two-stage left turn 2
688,-0.06414612559441013,-0.02583382190409714,-0.0702424986445248,0.00035635312027761345,0,Two-stage left turn 2
689,-0.11484574154344891,0.023107609135830876,-0.040712462618780886,-0.0011716337840448918,2,Two-stage left turn 2
690,-0.004210038079594944,-0.06492796272664036,-0.07486255405763864,-8.589688919552855e-05,0,Two-stage left turn 2
691,-0.09427357240821849,0.01251578212381414,-0.04191562413672281,0.0024333172122380517,2,Two-stage left turn 2
692,-0.14330364569087026,0.08928230697200941,-0.07986450811887877,0.004567329871325689,2,Two-stage left turn 2
693,-0.10965391190410757,0.06396852553967242,-0.06816863421750614,-0.00024413994952256554,2,Two-stage left turn 2
694,-0.09296128173068913,0.0008639864411616656,-0.05012241392832098,-0.0009490362795638817,0,Two-stage left turn 2
695,-0.10992432514887462,0.03535813829898696,-0.16644472765684928,0.0018472743034577829,0,Two-stage left turn 2
696,-0.07165052432348228,-0.06468742248878198,-0.16313903876485006,0.0009316719139168982,0,Two-stage left turn 2
697,-0.1372826598585913,-0.13879239638233748,-0.2138632989976096,0.003320647663987128,0,Two-stage left turn 2
698,-0.16230554476457648,-0.16094238940572123,-0.21592256168982757,0.0036610890529841025,0,Two-stage left turn 2
699,-0.12525683646967856,-0.08920989698931353,-0.21246654769900775,0.014136038280621198,0,Two-stage left turn 2
700,-0.09276419148128938,-0.1576665363626802,-0.21628064256631432,0.016427967097060056,0,Two-stage left turn 2
701,-0.10319515004120403,-0.18066686965250253,-0.2703077606695715,0.005216383823801494,0,Two-stage left turn 2
702,-0.11678196059632721,-0.1408851889325815,-0.2585061375675432,0.007575004598594049,0,Two-stage left turn 2
703,-0.08019959826352638,-0.13997875469724308,-0.2563571114164902,0.003135663220087679,0,Two-stage left turn 2
704,0.005790138466384233,-0.12915057875328526,-0.2580545355346164,0.02175875383734233,0,Two-stage left turn 2
705,-0.08469017950583342,-0.06195164257903759,-0.1412278105467025,0.005886161112120451,0,Two-stage left turn 2
706,-0.11196862327468313,-0.0928642857499688,-0.17358635446267778,0.002215848808996707,0,Two-stage left turn 2
707,-0.08447161306771067,0.01706243598850518,-0.17401039003906105,0.008242714761769748,0,Two-stage left turn 2
708,-0.11418644191730064,-0.039370015447342546,-0.18344027569432156,0.009702331503351235,0,Two-stage left turn 2
709,0.000431303827419832,-0.049656358369552955,-0.1878582772709264,0.009428540206348814,0,Two-stage left turn 2
710,-0.05722827767549387,-0.049069273939334954,-0.04930684813681144,-0.00990447218620621,0,Two-stage left turn 2
711,0.0006358153185205515,0.048895409577224,-0.04145949360483536,0.004335828655022031,4,Two-stage left turn 2
712,0.08956326879172888,-0.04107494581186112,-0.04206079203535915,-0.00605199100313826,3,Two-stage left turn 2
713,0.024436784866222833,0.05664145266523881,-0.03261335055676608,-0.009858038183991934,4,Two-stage left turn 2
714,0.19243926346360024,-0.06784072468054576,-0.028345280884725908,0.0011053153013141396,3,Two-stage left turn 2
715,0.014890252347680164,0.18715945410761853,-0.031498239140539355,0.038338728569344005,4,U-trun 1
716,-0.03318310269678126,0.04242161495981047,0.015251313341196537,0.033723771331329054,4,U-trun 1
717,0.07028111430035698,0.12033162109404508,0.029874498575832603,-0.01273074226116033,4,U-trun 1
718,0.26409140328583547,-0.0957143730492893,-0.09495886660098658,-0.012784662901193131,3,U-trun 1
719,0.22191073376932305,0.015950000151623428,0.0037105284147692158,-0.02481666377587778,3,U-trun 1
720,0.16483071966682902,-0.05248798585904789,-0.007620583331187751,-0.016220769083639355,3,U-trun 1
721,0.1985889376925189,0.04631186449717396,-0.02441891531836292,-0.030197028799784562,4,U-trun 1
722,0.11497791436385289,-0.07616100069760445,0.06620255207774414,0.012082063150258018,3,U-trun 1
723,0.04651664656760585,-0.10466534524125364,-0.07494528361130644,0.015717509340576082,0,U-trun 1
724,0.20033366646091225,-0.025154595901931927,-0.0024332838766832486,0.007078628867074153,3,U-trun 1
725,-0.05854755751774563,0.005117491865090127,-0.06735151818172869,-0.03878433474273476,0,U-trun 1
726,0.09369075249617886,-0.07366062607512697,-0.04106896933921248,0.020700041132745258,3,U-trun 1
727,-0.08131131569466146,-0.03480904598711241,0.025839423711448345,0.00528341668668153,2,U-trun 1
728,0.0053838885696445545,-0.03160728883378701,0.038105699406226684,-0.019168406829182232,0,U-trun 1
729,-0.1972758911941793,-0.04920893131785164,0.12843569249123873,-0.0326395953911386,2,U-trun 1
730,-0.02664643347406534,-0.04240638582657455,-0.005724614392103307,0.0020263399022402307,0,U-trun 1
731,-0.013520077230984022,-0.01833321330611112,0.047870579776938184,-0.03315292363606698,4,U-trun 1
732,0.06500918622609893,0.07878110928864686,-0.05428098588978336,-0.017151126155174,4,U-trun 1
733,0.14014192769370587,0.01788266218752956,-0.0024406430862511153,-0.013304239830985677,4,U-trun 1
734,-0.10066102125587341,0.05978911769757752,0.0655689138837495,0.026006702976272632,2,U-trun 1
735,-0.02485503054013345,-0.03284082868760792,0.0027406609487489533,-0.04831700245468151,0,U-trun 1
736,0.07732093220171363,0.1590814033631537,-0.0036966462398633003,-0.016168364300724845,4,U-trun 1
737,0.05236024272351424,0.11895298075236226,-0.07084969965175762,-0.005109014169581834,4,U-trun 1
738,0.09441738084112189,0.11566912090238031,0.019357601545995848,-0.03136048594648581,4,U-trun 1
739,0.03982486586768868,0.06059182029893874,0.035280037743108644,-0.013312822640200934,4,U-trun 1
740,0.15919764033599088,0.07825443919707475,-0.04282574646571518,-0.004098182130617773,4,U-trun 1
741,-0.04304552590029523,0.12871651701478706,0.14484556114047056,0.011552100596294187,2,U-trun 1
742,0.050351420461980434,0.12566558818964113,0.12123573044486723,-0.012173990860103663,4,U-trun 1
743,0.009197814993029577,0.03987146991836606,0.11240086688148328,-0.013453397388419209,2,U-trun 1
744,0.16439217221572347,0.02568553668726885,0.05685578384683902,0.03873728237253814,3,U-trun 1
745,0.11348036879588645,-0.023600659045329,0.05996727383699343,-0.01835343719438919,3,U-trun 1
746,0.02868160737328385,0.032382043622093744,0.16009030206108868,-0.013996816721249937,3,U-trun 1
747,-0.03726483429792435,0.09085890955931382,0.12415425880899934,0.02876207376490094,2,U-trun 1
748,-0.009143426431236664,0.14162951695608872,0.07211357411205443,0.03131502073851165,4,U-trun 1
749,0.03470479235543275,-0.17985250411413398,0.16080901013808893,-0.03697867433256754,3,U-trun 1
750,-0.12562566732349853,0.05920190544759424,0.1431837293842326,0.036666720434771365,2,U-trun 1
751,0.07978338786834457,-0.07602170592247286,0.1451916985833942,-0.02600031071035442,3,U-trun 1
752,-0.05469764787789174,0.041851622860453463,-0.022460219166267916,0.039724754266711654,4,U-trun 1
753,-0.2734358953001871,-0.05518865817202971,0.1095096336031119,0.06163674516622932,2,U-trun 1
754,-0.18678532918165372,-0.08152725465315812,0.19153256814343145,-0.028052942473186796,2,U-trun 1
755,0.25166229688575137,-0.27163465122640545,0.062188518936580894,0.31680833749875936,3,U-trun 1
756,-0.1443929069312431,0.05137002740713422,0.12708150730279139,-0.014936526718461803,2,U-trun 1
757,0.07637952332065887,-0.06393833343484365,0.3074846867259708,-0.0241238726069492,3,U-trun 1
758,0.10049963117473028,-0.03983745765311249,0.11437672836820553,-0.04120391996452622,3,U-trun 1
759,-0.15497798616698338,0.025364238707202523,0.04218835739585322,0.016023241912208892,2,U-trun 1
760,-0.0660157118551087,-0.11703335876593085,0.04955707527454185,0.03866060122049418,0,U-trun 1
761,0.0183554206496846,-0.09590521464843295,0.00793913855738103,0.03503107154240322,0,U-trun 1
762,-0.05180928220561498,-0.09753335475278778,-0.023263235405384105,0.02513135913577736,0,U-trun 1
763,0.061404289623571626,-0.11351390094794883,-0.05583999732997537,0.03528076437476744,0,U-trun 1
764,0.14818567891708267,-0.09858626464864191,-0.09086797562589694,0.026587708080000588,3,U-trun 1
765,-0.2513592427733171,-0.21855529996380402,0.23919770445747654,-0.011462011496243908,2,U-trun 1
766,-0.11262281909295598,-0.12042560384837014,0.016092906267890627,-0.012017741738329698,0,U-trun 1
767,-0.09046676352413423,-0.08591260003824558,-0.09865538095352573,0.023971534181458337,0,U-trun 1
768,0.021043055079226665,-0.2993333117747936,0.04553456584345588,0.05571136629546328,3,U-trun 1
769,0.04519833087520313,-0.3292000758818395,-0.1924541447805352,0.02433101365324649,0,U-trun 1
770,-0.07624999920061974,-0.12122867242660952,-0.0690083593563017,-0.027781896835146466,0,U-trun 1
771,-0.052973972620079246,-0.2550517992399718,-0.09759261908307158,-0.012222508378940835,0,U-trun 1
772,-0.0833361931891632,-0.1633372090446979,-0.09823770136991969,-0.005390029895800077,0,U-trun 1
773,-0.010814363245135104,-0.06513055020815497,-0.045460939241879376,-0.0475626256655886,0,U-trun 1
774,0.09516391908568375,-0.07430901520415409,-0.13727424221303397,-0.00834741808960765,0,U-trun 1
775,0.0225743486285578,0.010407640452552828,-0.13892651988493515,0.0038899434957414083,4,U-trun 1
776,-0.03166735594403774,-0.07973320739716541,-0.04868113310330852,-0.0018810298909215871,0,U-trun 1
777,-0.0844746757949153,-0.0533630880805887,-0.06780051645632737,-0.005996863744083778,0,U-trun 1
778,0.13726327559236867,-0.07160426470872185,0.014620051394973497,0.012139968053983657,3,U-trun 1
779,0.028153869518694953,0.03668290108344502,-0.06301522141506026,-0.041528824253706804,4,U-trun 1
780,0.015216303999326134,-0.010315366124925002,-0.03589354639568674,-0.01806729508261488,4,U-trun 1
781,0.034290403052025915,-0.03714726840763733,-0.08711833524189111,-0.01707229473149206,0,U-trun 1
782,-0.08120314331229839,-0.07654093702733206,-0.04399913500001394,-0.018386270137812497,0,U-trun 1
783,0.2197645728424874,0.015349187384193766,-0.014404131162787128,0.24838659121822693,3,U-trun 1
784,0.019424402050495025,-0.11457800899718179,0.018679074975447005,-0.011572307139164077,0,U-trun 1
785,-0.016337116678101067,0.050617444446416596,-0.07220215145521021,0.005063108716357054,4,U-trun 1
786,0.031028489753753205,-0.24280548332764726,0.03229538307448753,-0.045613990193376065,3,U-turn 2
787,0.024241936018728028,-0.15273379124330408,0.06437427282030193,-0.06588894472465695,3,U-turn 2
788,-0.06122377503486777,0.039352217277453326,0.10285073810753487,0.018409828106890562,2,U-turn 2
789,0.041946259947860776,0.07117076604342729,0.0906474747222194,0.05170146815620687,4,U-turn 2
790,0.11594185923133973,0.056363275875071055,-0.011678510432038743,0.0009915061079266679,4,U-turn 2
791,-0.027292446387825242,0.21414103131096948,0.03295707136241245,0.07397875789247613,4,U-turn 2
792,-0.04003324978539196,-0.034435155375765455,-0.06989000605691043,-0.07010837905607936,0,U-turn 2
793,0.10187575452689622,-0.01104399025966018,-0.03220182040648982,-0.01983801712346159,4,U-turn 2
794,0.23721724659317384,-0.020979662610330737,0.019781663758571457,0.09448479488621601,3,U-turn 2
795,0.19827396449252596,0.0772406284559953,-0.10365535689118663,0.010220816592598258,4,U-turn 2
796,0.38250765807049303,0.009331320626928858,0.04997835672957854,-0.019167285268463462,3,U-turn 2
797,0.3002699588709614,0.020657030771816295,0.029572175669065507,-0.02012020457390785,3,U-turn 2
798,0.23060499712669447,0.18051284706158902,0.014356383813538749,0.06653948293034052,1,U-turn 2
799,0.13524508177877084,0.2714916394010839,0.06292124411052051,0.018361372561987555,1,U-turn 2
800,-0.0086393159787034,-0.00042622947923548786,0.20214005656906164,0.035743471594252195,3,U-turn 2
801,0.15197549671865204,-0.12869648884776078,0.14510273000982177,-0.04786002523198605,3,U-turn 2
802,0.07293354880519741,0.38912878326954004,0.002368619952790784,0.14407469070051795,1,U-turn 2
803,-0.09129141422479559,0.16323323573552762,0.01470150578409357,0.04729333999467848,2,U-turn 2
804,-0.041982533614021024,0.19651721778269704,0.02308870759581923,0.030247392710904746,4,U-turn 2
805,0.03636227771313679,0.031209059053731284,0.00029122610401304303,-0.014817298816830625,4,U-turn 2
806,0.055455621472850464,0.0564847791761846,0.053148118203867036,-0.01947984556088037,4,U-turn 2
807,0.03167012236209892,-0.07028679592973226,0.047172121870378884,-0.013642933888823951,3,U-turn 2
808,0.015858002239457304,0.0908401124625016,-0.0746553171634548,-0.014471163572179402,4,U-turn 2
809,0.06530860933496459,-0.019879191350771055,0.057404903902414525,-0.017500294480552764,3,U-turn 2
810,-0.12970533358628544,0.05353157035739575,0.17002829919211437,-0.022555355973381173,2,U-turn 2
811,0.1936793562592028,-0.09620279692555367,0.10238287813369425,0.007343732953092297,3,U-turn 2
812,0.03705165151521107,0.14808543856938178,0.11361547658679261,-0.0070536669718278796,4,U-turn 2
813,-0.08428818205731727,-0.0009746399082467951,0.03183729796695138,0.022486315643117195,2,U-turn 2
814,0.0010232218609486574,-0.022088858675928177,0.13254451663351044,-0.018695079419009376,3,U-turn 2
815,-0.02114920212768226,-0.037821211033766115,0.11578159461584159,-0.01903976179444143,3,U-turn 2
816,0.16345365737625314,-0.12154169097522084,0.14549834137398948,0.010949789332522728,3,U-turn 2
817,0.09321616338611356,0.027336558382738445,0.1245822928755547,-0.012787166758256635,3,U-turn 2
818,-0.14495292598800225,0.17187011696200066,0.10392150559120099,-0.00012846127748627218,2,U-turn 2
819,0.044684599454109145,0.044262721152894736,0.06472113163204064,0.023075186175711793,4,U-turn 2
820,-0.05073113193629081,0.046149796329162156,0.1376291148661847,-0.010131717467661868,2,U-turn 2
821,0.04866065835823588,0.011580475626767948,-0.003705012277724384,0.04384582894985642,4,U-turn 2
822,0.014782111652857208,0.017793317847371214,0.029007777358414047,-0.025892234054618355,4,U-turn 2
823,-0.033210428764984576,0.0395034023057675,0.10173818530219454,-0.009272318146800022,2,U-turn 2
824,-0.10637178729195171,0.09336626379668503,0.0746446992807226,-0.004945987217703666,2,U-turn 2
825,0.0010065217601570172,0.035477924231985515,0.09641710559336823,0.01885852022641519,2,U-turn 2
826,-0.08314189652425465,0.06635515941986274,0.17761550445965726,-0.006310229748802603,2,U-turn 2
827,-0.029160630205643214,-0.08036388451269126,0.18714376892598225,-0.018486461142432912,3,U-turn 2
828,-0.03333982133194023,-0.08993730843532471,0.21139625269524479,-0.016206529247164394,3,U-turn 2
829,-0.11560122548961259,0.05070180129706935,-0.013662621997628617,0.010793177757962853,2,U-turn 2
830,-0.023035312551471034,0.06060087724898681,-0.01755609783769757,0.03786043326279399,4,U-turn 2
831,-0.14672033880108548,-0.14591791737978704,0.11574261298487815,-0.010904375743210211,2,U-turn 2
832,-0.01619678348566817,-0.048490886696455966,-0.2334611588601987,-0.0032663716534286086,0,U-turn 2
833,0.12812920132383754,0.00938381809627105,0.2746171070893928,-0.12726706101010662,3,U-turn 2
834,-0.028590765733245507,-0.1063974628166477,0.10495802030048627,-0.015355605666067786,3,U-turn 2
835,0.012986029928020401,0.0341004969385411,0.013620297218445864,0.0015274600254638559,4,U-turn 2
836,-0.02628587005829204,-0.03742619536096256,0.07634840301064144,-0.005460435998187376,2,U-turn 2
837,0.03650580539776654,-0.17879071256384724,0.08711378618302293,0.01765430946788105,3,U-turn 2
838,-0.016809839337108133,0.011905824180250987,0.1314495177917718,0.02795392564892869,2,U-turn 2
839,0.2214406263172185,0.25678870115024477,0.1786225675825646,0.04484681836289432,1,U-turn 2
840,-0.0010245358316615034,0.11566880448853831,-0.06394949222356919,-0.0010371106513757387,4,U-turn 2
841,0.012705625017678971,-0.02499260146307313,0.007921238782374019,-0.02248167404032412,4,U-turn 2
842,0.08924238194901375,-0.22809369818629516,0.015766157047601308,0.006603264808363386,3,U-turn 2
843,0.058697500389442554,-0.07973452202253592,0.08750876198625715,0.0009007186946465382,3,U-turn 2
844,0.008749482019835702,-0.1843647894583462,-0.007803239817230746,-0.01976645123808613,0,U-turn 2
845,0.01960188856040589,-0.11245066576644899,0.020505012019390385,-0.011663762479997414,0,U-turn 2
846,-0.03269318959007831,-0.0766323932659823,0.11568143214714992,-0.016741291530941827,3,U-turn 2
847,-0.05843973143506454,-0.06831145326678484,0.26168508717957356,-0.015529814080856134,2,U-turn 2
848,-0.08434467289747853,-0.17848473120225009,0.014500394976724474,-0.04204347683209869,0,U-turn 2
849,-0.03368033958365586,-0.09405617600156109,0.026853572514425147,-0.01372945754518321,0,U-turn 2
850,-0.1450862803914258,-0.1568553206105795,0.04597527639229197,0.0020616201343169878,0,U-turn 2
851,-0.07271153338360584,-0.16199792091300128,-0.010550992689321389,-0.009680919452958636,0,U-turn 2
852,0.019396765767764928,-0.03059212812064488,-0.06626260164149242,-0.01678103094107202,0,U-turn 2
853,-0.0122277084733876,-0.15064319509050997,0.010819908940871351,-0.04331758430661587,0,U-turn 2
854,-0.04929121955722887,-0.31436371099046645,-0.07017666749002531,-0.009713008275420364,0,U-turn 2
855,-0.19788473963736167,-0.16541897671696473,0.07035392421769443,-0.02611086939780279,0,U-turn 2
856,0.11720300348676949,-0.24071328580609794,-0.04383838313049507,-0.010024375444657391,3,U-turn 2
857,-0.25050946721954387,-0.008510879075714742,-0.15237026353689692,0.015656482996969763,2,U-turn 2
858,-0.043248091266852175,-0.17229843514938525,-0.05618146128869513,-0.013207121488667699,0,U-turn 2
859,-0.012268972189465028,0.00548521046998645,-0.2734416865047945,-0.07761986189236597,0,U-turn 2
860,-0.0374704731202375,-0.14772065709752047,-0.017858159250495612,0.007074342730447857,0,U-turn 2
861,-0.11500572059533075,-0.14846258998958167,-0.0028165738260935483,0.003259554260018784,0,U-turn 2
862,-0.07482709059824028,-0.12309791039779562,0.0011296342388435524,-0.009748112543170456,0,U-turn 2
863,-0.07587000798049,-0.04869268861533031,0.08062418582654271,0.002522936917349131,2,U-turn 2
864,-0.24865671027126132,-0.027144721439335953,-0.0012544910673902082,-0.009409028603534436,2,U-turn 2
865,-0.20445410432378164,0.05420448009778,-0.12418040734576909,0.03591434868498483,2,U-turn 2
866,-0.0536704682024185,-0.1838238018758976,-0.019548832654267156,0.0013761969444473204,0,U-turn 2
